n,steps,max,sequence
1,0,1,"1"
2,1,2,"2,1"
3,7,16,"3,10,5,16,8,4,2,1"
4,2,4,"4,2,1"
5,5,16,"5,16,8,4,2,1"
6,8,16,"6,3,10,5,16,8,4,2,1"
7,16,52,"7,22,11,34,17,52,26,13,40,20,10,5,16,8,4,2,1"
8,3,8,"8,4,2,1"
9,19,52,"9,28,14,7,22,11,34,17,52,26,13,40,20,10,5,16,8,4,2,1"
10,6,16,"10,5,16,8,4,2,1"
11,14,52,"11,34,17,52,26,13,40,20,10,5,16,8,4,2,1"
12,9,16,"12,6,3,10,5,16,8,4,2,1"
13,9,40,"13,40,20,10,5,16,8,4,2,1"
14,17,52,"14,7,22,11,34,17,52,26,13,40,20,10,5,16,8,4,2,1"
15,17,160,"15,46,23,70,35,106,53,160,80,40,20,10,5,16,8,4,2,1"
16,4,16,"16,8,4,2,1"
17,12,52,"17,52,26,13,40,20,10,5,16,8,4,2,1"
18,20,52,"18,9,28,14,7,22,11,34,17,52,26,13,40,20,10,5,16,8,4,2,1"
19,20,88,"19,58,29,88,44,22,11,34,17,52,26,13,40,20,10,5,16,8,4,2,1"
20,7,20,"20,10,5,16,8,4,2,1"
21,7,64,"21,64,32,16,8,4,2,1"
22,15,52,"22,11,34,17,52,26,13,40,20,10,5,16,8,4,2,1"
23,15,160,"23,70,35,106,53,160,80,40,20,10,5,16,8,4,2,1"
24,10,24,"24,12,6,3,10,5,16,8,4,2,1"
25,23,88,"25,76,38,19,58,29,88,44,22,11,34,17,52,26,13,40,20,10,5,16,8,4,2,1"
26,10,40,"26,13,40,20,10,5,16,8,4,2,1"
27,111,9232,"27,82,41,124,62,31,94,47,142,71,214,107,322,161,484,242,121,364,182,91,274,137,412,206,103,310,155,466,233,700,350,175,526,263,790,395,1186,593,1780,890,445,1336,668,334,167,502,251,754,377,1132,566,283,850,425,1276,638,319,958,479,1438,719,2158,1079,3238,1619,4858,2429,7288,3644,1822,911,2734,1367,4102,2051,6154,3077,9232,4616,2308,1154,577,1732,866,433,1300,650,325,976,488,244,122,61,184,92,46,23,70,35,106,53,160,80,40,20,10,5,16,8,4,2,1"
28,18,52,"28,14,7,22,11,34,17,52,26,13,40,20,10,5,16,8,4,2,1"
29,18,88,"29,88,44,22,11,34,17,52,26,13,40,20,10,5,16,8,4,2,1"
30,18,160,"30,15,46,23,70,35,106,53,160,80,40,20,10,5,16,8,4,2,1"
31,106,9232,"31,94,47,142,71,214,107,322,161,484,242,121,364,182,91,274,137,412,206,103,310,155,466,233,700,350,175,526,263,790,395,1186,593,1780,890,445,1336,668,334,167,502,251,754,377,1132,566,283,850,425,1276,638,319,958,479,1438,719,2158,1079,3238,1619,4858,2429,7288,3644,1822,911,2734,1367,4102,2051,6154,3077,9232,4616,2308,1154,577,1732,866,433,1300,650,325,976,488,244,122,61,184,92,46,23,70,35,106,53,160,80,40,20,10,5,16,8,4,2,1"
32,5,32,"32,16,8,4,2,1"
33,26,100,"33,100,50,25,76,38,19,58,29,88,44,22,11,34,17,52,26,13,40,20,10,5,16,8,4,2,1"
34,13,52,"34,17,52,26,13,40,20,10,5,16,8,4,2,1"
35,13,160,"35,106,53,160,80,40,20,10,5,16,8,4,2,1"
36,21,52,"36,18,9,28,14,7,22,11,34,17,52,26,13,40,20,10,5,16,8,4,2,1"
37,21,112,"37,112,56,28,14,7,22,11,34,17,52,26,13,40,20,10,5,16,8,4,2,1"
38,21,88,"38,19,58,29,88,44,22,11,34,17,52,26,13,40,20,10,5,16,8,4,2,1"
39,34,304,"39,118,59,178,89,268,134,67,202,101,304,152,76,38,19,58,29,88,44,22,11,34,17,52,26,13,40,20,10,5,16,8,4,2,1"
40,8,40,"40,20,10,5,16,8,4,2,1"
41,109,9232,"41,124,62,31,94,47,142,71,214,107,322,161,484,242,121,364,182,91,274,137,412,206,103,310,155,466,233,700,350,175,526,263,790,395,1186,593,1780,890,445,1336,668,334,167,502,251,754,377,1132,566,283,850,425,1276,638,319,958,479,1438,719,2158,1079,3238,1619,4858,2429,7288,3644,1822,911,2734,1367,4102,2051,6154,3077,9232,4616,2308,1154,577,1732,866,433,1300,650,325,976,488,244,122,61,184,92,46,23,70,35,106,53,160,80,40,20,10,5,16,8,4,2,1"
42,8,64,"42,21,64,32,16,8,4,2,1"
43,29,196,"43,130,65,196,98,49,148,74,37,112,56,28,14,7,22,11,34,17,52,26,13,40,20,10,5,16,8,4,2,1"
44,16,52,"44,22,11,34,17,52,26,13,40,20,10,5,16,8,4,2,1"
45,16,136,"45,136,68,34,17,52,26,13,40,20,10,5,16,8,4,2,1"
46,16,160,"46,23,70,35,106,53,160,80,40,20,10,5,16,8,4,2,1"
47,104,9232,"47,142,71,214,107,322,161,484,242,121,364,182,91,274,137,412,206,103,310,155,466,233,700,350,175,526,263,790,395,1186,593,1780,890,445,1336,668,334,167,502,251,754,377,1132,566,283,850,425,1276,638,319,958,479,1438,719,2158,1079,3238,1619,4858,2429,7288,3644,1822,911,2734,1367,4102,2051,6154,3077,9232,4616,2308,1154,577,1732,866,433,1300,650,325,976,488,244,122,61,184,92,46,23,70,35,106,53,160,80,40,20,10,5,16,8,4,2,1"
48,11,48,"48,24,12,6,3,10,5,16,8,4,2,1"
49,24,148,"49,148,74,37,112,56,28,14,7,22,11,34,17,52,26,13,40,20,10,5,16,8,4,2,1"
50,24,88,"50,25,76,38,19,58,29,88,44,22,11,34,17,52,26,13,40,20,10,5,16,8,4,2,1"
51,24,232,"51,154,77,232,116,58,29,88,44,22,11,34,17,52,26,13,40,20,10,5,16,8,4,2,1"
52,11,52,"52,26,13,40,20,10,5,16,8,4,2,1"
53,11,160,"53,160,80,40,20,10,5,16,8,4,2,1"
54,112,9232,"54,27,82,41,124,62,31,94,47,142,71,214,107,322,161,484,242,121,364,182,91,274,137,412,206,103,310,155,466,233,700,350,175,526,263,790,395,1186,593,1780,890,445,1336,668,334,167,502,251,754,377,1132,566,283,850,425,1276,638,319,958,479,1438,719,2158,1079,3238,1619,4858,2429,7288,3644,1822,911,2734,1367,4102,2051,6154,3077,9232,4616,2308,1154,577,1732,866,433,1300,650,325,976,488,244,122,61,184,92,46,23,70,35,106,53,160,80,40,20,10,5,16,8,4,2,1"
55,112,9232,"55,166,83,250,125,376,188,94,47,142,71,214,107,322,161,484,242,121,364,182,91,274,137,412,206,103,310,155,466,233,700,350,175,526,263,790,395,1186,593,1780,890,445,1336,668,334,167,502,251,754,377,1132,566,283,850,425,1276,638,319,958,479,1438,719,2158,1079,3238,1619,4858,2429,7288,3644,1822,911,2734,1367,4102,2051,6154,3077,9232,4616,2308,1154,577,1732,866,433,1300,650,325,976,488,244,122,61,184,92,46,23,70,35,106,53,160,80,40,20,10,5,16,8,4,2,1"
56,19,56,"56,28,14,7,22,11,34,17,52,26,13,40,20,10,5,16,8,4,2,1"
57,32,196,"57,172,86,43,130,65,196,98,49,148,74,37,112,56,28,14,7,22,11,34,17,52,26,13,40,20,10,5,16,8,4,2,1"
58,19,88,"58,29,88,44,22,11,34,17,52,26,13,40,20,10,5,16,8,4,2,1"
59,32,304,"59,178,89,268,134,67,202,101,304,152,76,38,19,58,29,88,44,22,11,34,17,52,26,13,40,20,10,5,16,8,4,2,1"
60,19,160,"60,30,15,46,23,70,35,106,53,160,80,40,20,10,5,16,8,4,2,1"
61,19,184,"61,184,92,46,23,70,35,106,53,160,80,40,20,10,5,16,8,4,2,1"
62,107,9232,"62,31,94,47,142,71,214,107,322,161,484,242,121,364,182,91,274,137,412,206,103,310,155,466,233,700,350,175,526,263,790,395,1186,593,1780,890,445,1336,668,334,167,502,251,754,377,1132,566,283,850,425,1276,638,319,958,479,1438,719,2158,1079,3238,1619,4858,2429,7288,3644,1822,911,2734,1367,4102,2051,6154,3077,9232,4616,2308,1154,577,1732,866,433,1300,650,325,976,488,244,122,61,184,92,46,23,70,35,106,53,160,80,40,20,10,5,16,8,4,2,1"
63,107,9232,"63,190,95,286,143,430,215,646,323,970,485,1456,728,364,182,91,274,137,412,206,103,310,155,466,233,700,350,175,526,263,790,395,1186,593,1780,890,445,1336,668,334,167,502,251,754,377,1132,566,283,850,425,1276,638,319,958,479,1438,719,2158,1079,3238,1619,4858,2429,7288,3644,1822,911,2734,1367,4102,2051,6154,3077,9232,4616,2308,1154,577,1732,866,433,1300,650,325,976,488,244,122,61,184,92,46,23,70,35,106,53,160,80,40,20,10,5,16,8,4,2,1"
64,6,64,"64,32,16,8,4,2,1"
65,27,196,"65,196,98,49,148,74,37,112,56,28,14,7,22,11,34,17,52,26,13,40,20,10,5,16,8,4,2,1"
66,27,100,"66,33,100,50,25,76,38,19,58,29,88,44,22,11,34,17,52,26,13,40,20,10,5,16,8,4,2,1"
67,27,304,"67,202,101,304,152,76,38,19,58,29,88,44,22,11,34,17,52,26,13,40,20,10,5,16,8,4,2,1"
68,14,68,"68,34,17,52,26,13,40,20,10,5,16,8,4,2,1"
69,14,208,"69,208,104,52,26,13,40,20,10,5,16,8,4,2,1"
70,14,160,"70,35,106,53,160,80,40,20,10,5,16,8,4,2,1"
71,102,9232,"71,214,107,322,161,484,242,121,364,182,91,274,137,412,206,103,310,155,466,233,700,350,175,526,263,790,395,1186,593,1780,890,445,1336,668,334,167,502,251,754,377,1132,566,283,850,425,1276,638,319,958,479,1438,719,2158,1079,3238,1619,4858,2429,7288,3644,1822,911,2734,1367,4102,2051,6154,3077,9232,4616,2308,1154,577,1732,866,433,1300,650,325,976,488,244,122,61,184,92,46,23,70,35,106,53,160,80,40,20,10,5,16,8,4,2,1"
72,22,72,"72,36,18,9,28,14,7,22,11,34,17,52,26,13,40,20,10,5,16,8,4,2,1"
73,115,9232,"73,220,110,55,166,83,250,125,376,188,94,47,142,71,214,107,322,161,484,242,121,364,182,91,274,137,412,206,103,310,155,466,233,700,350,175,526,263,790,395,1186,593,1780,890,445,1336,668,334,167,502,251,754,377,1132,566,283,850,425,1276,638,319,958,479,1438,719,2158,1079,3238,1619,4858,2429,7288,3644,1822,911,2734,1367,4102,2051,6154,3077,9232,4616,2308,1154,577,1732,866,433,1300,650,325,976,488,244,122,61,184,92,46,23,70,35,106,53,160,80,40,20,10,5,16,8,4,2,1"
74,22,112,"74,37,112,56,28,14,7,22,11,34,17,52,26,13,40,20,10,5,16,8,4,2,1"
75,14,340,"75,226,113,340,170,85,256,128,64,32,16,8,4,2,1"
76,22,88,"76,38,19,58,29,88,44,22,11,34,17,52,26,13,40,20,10,5,16,8,4,2,1"
77,22,232,"77,232,116,58,29,88,44,22,11,34,17,52,26,13,40,20,10,5,16,8,4,2,1"
78,35,304,"78,39,118,59,178,89,268,134,67,202,101,304,152,76,38,19,58,29,88,44,22,11,34,17,52,26,13,40,20,10,5,16,8,4,2,1"
79,35,808,"79,238,119,358,179,538,269,808,404,202,101,304,152,76,38,19,58,29,88,44,22,11,34,17,52,26,13,40,20,10,5,16,8,4,2,1"
80,9,80,"80,40,20,10,5,16,8,4,2,1"
81,22,244,"81,244,122,61,184,92,46,23,70,35,106,53,160,80,40,20,10,5,16,8,4,2,1"
82,110,9232,"82,41,124,62,31,94,47,142,71,214,107,322,161,484,242,121,364,182,91,274,137,412,206,103,310,155,466,233,700,350,175,526,263,790,395,1186,593,1780,890,445,1336,668,334,167,502,251,754,377,1132,566,283,850,425,1276,638,319,958,479,1438,719,2158,1079,3238,1619,4858,2429,7288,3644,1822,911,2734,1367,4102,2051,6154,3077,9232,4616,2308,1154,577,1732,866,433,1300,650,325,976,488,244,122,61,184,92,46,23,70,35,106,53,160,80,40,20,10,5,16,8,4,2,1"
83,110,9232,"83,250,125,376,188,94,47,142,71,214,107,322,161,484,242,121,364,182,91,274,137,412,206,103,310,155,466,233,700,350,175,526,263,790,395,1186,593,1780,890,445,1336,668,334,167,502,251,754,377,1132,566,283,850,425,1276,638,319,958,479,1438,719,2158,1079,3238,1619,4858,2429,7288,3644,1822,911,2734,1367,4102,2051,6154,3077,9232,4616,2308,1154,577,1732,866,433,1300,650,325,976,488,244,122,61,184,92,46,23,70,35,106,53,160,80,40,20,10,5,16,8,4,2,1"
84,9,84,"84,42,21,64,32,16,8,4,2,1"
85,9,256,"85,256,128,64,32,16,8,4,2,1"
86,30,196,"86,43,130,65,196,98,49,148,74,37,112,56,28,14,7,22,11,34,17,52,26,13,40,20,10,5,16,8,4,2,1"
87,30,592,"87,262,131,394,197,592,296,148,74,37,112,56,28,14,7,22,11,34,17,52,26,13,40,20,10,5,16,8,4,2,1"
88,17,88,"88,44,22,11,34,17,52,26,13,40,20,10,5,16,8,4,2,1"
89,30,304,"89,268,134,67,202,101,304,152,76,38,19,58,29,88,44,22,11,34,17,52,26,13,40,20,10,5,16,8,4,2,1"
90,17,136,"90,45,136,68,34,17,52,26,13,40,20,10,5,16,8,4,2,1"
91,92,9232,"91,274,137,412,206,103,310,155,466,233,700,350,175,526,263,790,395,1186,593,1780,890,445,1336,668,334,167,502,251,754,377,1132,566,283,850,425,1276,638,319,958,479,1438,719,2158,1079,3238,1619,4858,2429,7288,3644,1822,911,2734,1367,4102,2051,6154,3077,9232,4616,2308,1154,577,1732,866,433,1300,650,325,976,488,244,122,61,184,92,46,23,70,35,106,53,160,80,40,20,10,5,16,8,4,2,1"
92,17,160,"92,46,23,70,35,106,53,160,80,40,20,10,5,16,8,4,2,1"
93,17,280,"93,280,140,70,35,106,53,160,80,40,20,10,5,16,8,4,2,1"
94,105,9232,"94,47,142,71,214,107,322,161,484,242,121,364,182,91,274,137,412,206,103,310,155,466,233,700,350,175,526,263,790,395,1186,593,1780,890,445,1336,668,334,167,502,251,754,377,1132,566,283,850,425,1276,638,319,958,479,1438,719,2158,1079,3238,1619,4858,2429,7288,3644,1822,911,2734,1367,4102,2051,6154,3077,9232,4616,2308,1154,577,1732,866,433,1300,650,325,976,488,244,122,61,184,92,46,23,70,35,106,53,160,80,40,20,10,5,16,8,4,2,1"
95,105,9232,"95,286,143,430,215,646,323,970,485,1456,728,364,182,91,274,137,412,206,103,310,155,466,233,700,350,175,526,263,790,395,1186,593,1780,890,445,1336,668,334,167,502,251,754,377,1132,566,283,850,425,1276,638,319,958,479,1438,719,2158,1079,3238,1619,4858,2429,7288,3644,1822,911,2734,1367,4102,2051,6154,3077,9232,4616,2308,1154,577,1732,866,433,1300,650,325,976,488,244,122,61,184,92,46,23,70,35,106,53,160,80,40,20,10,5,16,8,4,2,1"
96,12,96,"96,48,24,12,6,3,10,5,16,8,4,2,1"
97,118,9232,"97,292,146,73,220,110,55,166,83,250,125,376,188,94,47,142,71,214,107,322,161,484,242,121,364,182,91,274,137,412,206,103,310,155,466,233,700,350,175,526,263,790,395,1186,593,1780,890,445,1336,668,334,167,502,251,754,377,1132,566,283,850,425,1276,638,319,958,479,1438,719,2158,1079,3238,1619,4858,2429,7288,3644,1822,911,2734,1367,4102,2051,6154,3077,9232,4616,2308,1154,577,1732,866,433,1300,650,325,976,488,244,122,61,184,92,46,23,70,35,106,53,160,80,40,20,10,5,16,8,4,2,1"
98,25,148,"98,49,148,74,37,112,56,28,14,7,22,11,34,17,52,26,13,40,20,10,5,16,8,4,2,1"
99,25,448,"99,298,149,448,224,112,56,28,14,7,22,11,34,17,52,26,13,40,20,10,5,16,8,4,2,1"
100,25,100,"100,50,25,76,38,19,58,29,88,44,22,11,34,17,52,26,13,40,20,10,5,16,8,4,2,1"
101,25,304,"101,304,152,76,38,19,58,29,88,44,22,11,34,17,52,26,13,40,20,10,5,16,8,4,2,1"
102,25,232,"102,51,154,77,232,116,58,29,88,44,22,11,34,17,52,26,13,40,20,10,5,16,8,4,2,1"
103,87,9232,"103,310,155,466,233,700,350,175,526,263,790,395,1186,593,1780,890,445,1336,668,334,167,502,251,754,377,1132,566,283,850,425,1276,638,319,958,479,1438,719,2158,1079,3238,1619,4858,2429,7288,3644,1822,911,2734,1367,4102,2051,6154,3077,9232,4616,2308,1154,577,1732,866,433,1300,650,325,976,488,244,122,61,184,92,46,23,70,35,106,53,160,80,40,20,10,5,16,8,4,2,1"
104,12,104,"104,52,26,13,40,20,10,5,16,8,4,2,1"
105,38,808,"105,316,158,79,238,119,358,179,538,269,808,404,202,101,304,152,76,38,19,58,29,88,44,22,11,34,17,52,26,13,40,20,10,5,16,8,4,2,1"
106,12,160,"106,53,160,80,40,20,10,5,16,8,4,2,1"
107,100,9232,"107,322,161,484,242,121,364,182,91,274,137,412,206,103,310,155,466,233,700,350,175,526,263,790,395,1186,593,1780,890,445,1336,668,334,167,502,251,754,377,1132,566,283,850,425,1276,638,319,958,479,1438,719,2158,1079,3238,1619,4858,2429,7288,3644,1822,911,2734,1367,4102,2051,6154,3077,9232,4616,2308,1154,577,1732,866,433,1300,650,325,976,488,244,122,61,184,92,46,23,70,35,106,53,160,80,40,20,10,5,16,8,4,2,1"
108,113,9232,"108,54,27,82,41,124,62,31,94,47,142,71,214,107,322,161,484,242,121,364,182,91,274,137,412,206,103,310,155,466,233,700,350,175,526,263,790,395,1186,593,1780,890,445,1336,668,334,167,502,251,754,377,1132,566,283,850,425,1276,638,319,958,479,1438,719,2158,1079,3238,1619,4858,2429,7288,3644,1822,911,2734,1367,4102,2051,6154,3077,9232,4616,2308,1154,577,1732,866,433,1300,650,325,976,488,244,122,61,184,92,46,23,70,35,106,53,160,80,40,20,10,5,16,8,4,2,1"
109,113,9232,"109,328,164,82,41,124,62,31,94,47,142,71,214,107,322,161,484,242,121,364,182,91,274,137,412,206,103,310,155,466,233,700,350,175,526,263,790,395,1186,593,1780,890,445,1336,668,334,167,502,251,754,377,1132,566,283,850,425,1276,638,319,958,479,1438,719,2158,1079,3238,1619,4858,2429,7288,3644,1822,911,2734,1367,4102,2051,6154,3077,9232,4616,2308,1154,577,1732,866,433,1300,650,325,976,488,244,122,61,184,92,46,23,70,35,106,53,160,80,40,20,10,5,16,8,4,2,1"
110,113,9232,"110,55,166,83,250,125,376,188,94,47,142,71,214,107,322,161,484,242,121,364,182,91,274,137,412,206,103,310,155,466,233,700,350,175,526,263,790,395,1186,593,1780,890,445,1336,668,334,167,502,251,754,377,1132,566,283,850,425,1276,638,319,958,479,1438,719,2158,1079,3238,1619,4858,2429,7288,3644,1822,911,2734,1367,4102,2051,6154,3077,9232,4616,2308,1154,577,1732,866,433,1300,650,325,976,488,244,122,61,184,92,46,23,70,35,106,53,160,80,40,20,10,5,16,8,4,2,1"
111,69,9232,"111,334,167,502,251,754,377,1132,566,283,850,425,1276,638,319,958,479,1438,719,2158,1079,3238,1619,4858,2429,7288,3644,1822,911,2734,1367,4102,2051,6154,3077,9232,4616,2308,1154,577,1732,866,433,1300,650,325,976,488,244,122,61,184,92,46,23,70,35,106,53,160,80,40,20,10,5,16,8,4,2,1"
112,20,112,"112,56,28,14,7,22,11,34,17,52,26,13,40,20,10,5,16,8,4,2,1"
113,12,340,"113,340,170,85,256,128,64,32,16,8,4,2,1"
114,33,196,"114,57,172,86,43,130,65,196,98,49,148,74,37,112,56,28,14,7,22,11,34,17,52,26,13,40,20,10,5,16,8,4,2,1"
115,33,520,"115,346,173,520,260,130,65,196,98,49,148,74,37,112,56,28,14,7,22,11,34,17,52,26,13,40,20,10,5,16,8,4,2,1"
116,20,116,"116,58,29,88,44,22,11,34,17,52,26,13,40,20,10,5,16,8,4,2,1"
117,20,352,"117,352,176,88,44,22,11,34,17,52,26,13,40,20,10,5,16,8,4,2,1"
118,33,304,"118,59,178,89,268,134,67,202,101,304,152,76,38,19,58,29,88,44,22,11,34,17,52,26,13,40,20,10,5,16,8,4,2,1"
119,33,808,"119,358,179,538,269,808,404,202,101,304,152,76,38,19,58,29,88,44,22,11,34,17,52,26,13,40,20,10,5,16,8,4,2,1"
120,20,160,"120,60,30,15,46,23,70,35,106,53,160,80,40,20,10,5,16,8,4,2,1"
121,95,9232,"121,364,182,91,274,137,412,206,103,310,155,466,233,700,350,175,526,263,790,395,1186,593,1780,890,445,1336,668,334,167,502,251,754,377,1132,566,283,850,425,1276,638,319,958,479,1438,719,2158,1079,3238,1619,4858,2429,7288,3644,1822,911,2734,1367,4102,2051,6154,3077,9232,4616,2308,1154,577,1732,866,433,1300,650,325,976,488,244,122,61,184,92,46,23,70,35,106,53,160,80,40,20,10,5,16,8,4,2,1"
122,20,184,"122,61,184,92,46,23,70,35,106,53,160,80,40,20,10,5,16,8,4,2,1"
123,46,628,"123,370,185,556,278,139,418,209,628,314,157,472,236,118,59,178,89,268,134,67,202,101,304,152,76,38,19,58,29,88,44,22,11,34,17,52,26,13,40,20,10,5,16,8,4,2,1"
124,108,9232,"124,62,31,94,47,142,71,214,107,322,161,484,242,121,364,182,91,274,137,412,206,103,310,155,466,233,700,350,175,526,263,790,395,1186,593,1780,890,445,1336,668,334,167,502,251,754,377,1132,566,283,850,425,1276,638,319,958,479,1438,719,2158,1079,3238,1619,4858,2429,7288,3644,1822,911,2734,1367,4102,2051,6154,3077,9232,4616,2308,1154,577,1732,866,433,1300,650,325,976,488,244,122,61,184,92,46,23,70,35,106,53,160,80,40,20,10,5,16,8,4,2,1"
125,108,9232,"125,376,188,94,47,142,71,214,107,322,161,484,242,121,364,182,91,274,137,412,206,103,310,155,466,233,700,350,175,526,263,790,395,1186,593,1780,890,445,1336,668,334,167,502,251,754,377,1132,566,283,850,425,1276,638,319,958,479,1438,719,2158,1079,3238,1619,4858,2429,7288,3644,1822,911,2734,1367,4102,2051,6154,3077,9232,4616,2308,1154,577,1732,866,433,1300,650,325,976,488,244,122,61,184,92,46,23,70,35,106,53,160,80,40,20,10,5,16,8,4,2,1"
126,108,9232,"126,63,190,95,286,143,430,215,646,323,970,485,1456,728,364,182,91,274,137,412,206,103,310,155,466,233,700,350,175,526,263,790,395,1186,593,1780,890,445,1336,668,334,167,502,251,754,377,1132,566,283,850,425,1276,638,319,958,479,1438,719,2158,1079,3238,1619,4858,2429,7288,3644,1822,911,2734,1367,4102,2051,6154,3077,9232,4616,2308,1154,577,1732,866,433,1300,650,325,976,488,244,122,61,184,92,46,23,70,35,106,53,160,80,40,20,10,5,16,8,4,2,1"
127,46,4372,"127,382,191,574,287,862,431,1294,647,1942,971,2914,1457,4372,2186,1093,3280,1640,820,410,205,616,308,154,77,232,116,58,29,88,44,22,11,34,17,52,26,13,40,20,10,5,16,8,4,2,1"
128,7,128,"128,64,32,16,8,4,2,1"
129,121,9232,"129,388,194,97,292,146,73,220,110,55,166,83,250,125,376,188,94,47,142,71,214,107,322,161,484,242,121,364,182,91,274,137,412,206,103,310,155,466,233,700,350,175,526,263,790,395,1186,593,1780,890,445,1336,668,334,167,502,251,754,377,1132,566,283,850,425,1276,638,319,958,479,1438,719,2158,1079,3238,1619,4858,2429,7288,3644,1822,911,2734,1367,4102,2051,6154,3077,9232,4616,2308,1154,577,1732,866,433,1300,650,325,976,488,244,122,61,184,92,46,23,70,35,106,53,160,80,40,20,10,5,16,8,4,2,1"
130,28,196,"130,65,196,98,49,148,74,37,112,56,28,14,7,22,11,34,17,52,26,13,40,20,10,5,16,8,4,2,1"
131,28,592,"131,394,197,592,296,148,74,37,112,56,28,14,7,22,11,34,17,52,26,13,40,20,10,5,16,8,4,2,1"
132,28,132,"132,66,33,100,50,25,76,38,19,58,29,88,44,22,11,34,17,52,26,13,40,20,10,5,16,8,4,2,1"
133,28,400,"133,400,200,100,50,25,76,38,19,58,29,88,44,22,11,34,17,52,26,13,40,20,10,5,16,8,4,2,1"
134,28,304,"134,67,202,101,304,152,76,38,19,58,29,88,44,22,11,34,17,52,26,13,40,20,10,5,16,8,4,2,1"
135,41,916,"135,406,203,610,305,916,458,229,688,344,172,86,43,130,65,196,98,49,148,74,37,112,56,28,14,7,22,11,34,17,52,26,13,40,20,10,5,16,8,4,2,1"
136,15,136,"136,68,34,17,52,26,13,40,20,10,5,16,8,4,2,1"
137,90,9232,"137,412,206,103,310,155,466,233,700,350,175,526,263,790,395,1186,593,1780,890,445,1336,668,334,167,502,251,754,377,1132,566,283,850,425,1276,638,319,958,479,1438,719,2158,1079,3238,1619,4858,2429,7288,3644,1822,911,2734,1367,4102,2051,6154,3077,9232,4616,2308,1154,577,1732,866,433,1300,650,325,976,488,244,122,61,184,92,46,23,70,35,106,53,160,80,40,20,10,5,16,8,4,2,1"
138,15,208,"138,69,208,104,52,26,13,40,20,10,5,16,8,4,2,1"
139,41,628,"139,418,209,628,314,157,472,236,118,59,178,89,268,134,67,202,101,304,152,76,38,19,58,29,88,44,22,11,34,17,52,26,13,40,20,10,5,16,8,4,2,1"
140,15,160,"140,70,35,106,53,160,80,40,20,10,5,16,8,4,2,1"
141,15,424,"141,424,212,106,53,160,80,40,20,10,5,16,8,4,2,1"
142,103,9232,"142,71,214,107,322,161,484,242,121,364,182,91,274,137,412,206,103,310,155,466,233,700,350,175,526,263,790,395,1186,593,1780,890,445,1336,668,334,167,502,251,754,377,1132,566,283,850,425,1276,638,319,958,479,1438,719,2158,1079,3238,1619,4858,2429,7288,3644,1822,911,2734,1367,4102,2051,6154,3077,9232,4616,2308,1154,577,1732,866,433,1300,650,325,976,488,244,122,61,184,92,46,23,70,35,106,53,160,80,40,20,10,5,16,8,4,2,1"
143,103,9232,"143,430,215,646,323,970,485,1456,728,364,182,91,274,137,412,206,103,310,155,466,233,700,350,175,526,263,790,395,1186,593,1780,890,445,1336,668,334,167,502,251,754,377,1132,566,283,850,425,1276,638,319,958,479,1438,719,2158,1079,3238,1619,4858,2429,7288,3644,1822,911,2734,1367,4102,2051,6154,3077,9232,4616,2308,1154,577,1732,866,433,1300,650,325,976,488,244,122,61,184,92,46,23,70,35,106,53,160,80,40,20,10,5,16,8,4,2,1"
144,23,144,"144,72,36,18,9,28,14,7,22,11,34,17,52,26,13,40,20,10,5,16,8,4,2,1"
145,116,9232,"145,436,218,109,328,164,82,41,124,62,31,94,47,142,71,214,107,322,161,484,242,121,364,182,91,274,137,412,206,103,310,155,466,233,700,350,175,526,263,790,395,1186,593,1780,890,445,1336,668,334,167,502,251,754,377,1132,566,283,850,425,1276,638,319,958,479,1438,719,2158,1079,3238,1619,4858,2429,7288,3644,1822,911,2734,1367,4102,2051,6154,3077,9232,4616,2308,1154,577,1732,866,433,1300,650,325,976,488,244,122,61,184,92,46,23,70,35,106,53,160,80,40,20,10,5,16,8,4,2,1"
146,116,9232,"146,73,220,110,55,166,83,250,125,376,188,94,47,142,71,214,107,322,161,484,242,121,364,182,91,274,137,412,206,103,310,155,466,233,700,350,175,526,263,790,395,1186,593,1780,890,445,1336,668,334,167,502,251,754,377,1132,566,283,850,425,1276,638,319,958,479,1438,719,2158,1079,3238,1619,4858,2429,7288,3644,1822,911,2734,1367,4102,2051,6154,3077,9232,4616,2308,1154,577,1732,866,433,1300,650,325,976,488,244,122,61,184,92,46,23,70,35,106,53,160,80,40,20,10,5,16,8,4,2,1"
147,116,9232,"147,442,221,664,332,166,83,250,125,376,188,94,47,142,71,214,107,322,161,484,242,121,364,182,91,274,137,412,206,103,310,155,466,233,700,350,175,526,263,790,395,1186,593,1780,890,445,1336,668,334,167,502,251,754,377,1132,566,283,850,425,1276,638,319,958,479,1438,719,2158,1079,3238,1619,4858,2429,7288,3644,1822,911,2734,1367,4102,2051,6154,3077,9232,4616,2308,1154,577,1732,866,433,1300,650,325,976,488,244,122,61,184,92,46,23,70,35,106,53,160,80,40,20,10,5,16,8,4,2,1"
148,23,148,"148,74,37,112,56,28,14,7,22,11,34,17,52,26,13,40,20,10,5,16,8,4,2,1"
149,23,448,"149,448,224,112,56,28,14,7,22,11,34,17,52,26,13,40,20,10,5,16,8,4,2,1"
150,15,340,"150,75,226,113,340,170,85,256,128,64,32,16,8,4,2,1"
151,15,1024,"151,454,227,682,341,1024,512,256,128,64,32,16,8,4,2,1"
152,23,152,"152,76,38,19,58,29,88,44,22,11,34,17,52,26,13,40,20,10,5,16,8,4,2,1"
153,36,520,"153,460,230,115,346,173,520,260,130,65,196,98,49,148,74,37,112,56,28,14,7,22,11,34,17,52,26,13,40,20,10,5,16,8,4,2,1"
154,23,232,"154,77,232,116,58,29,88,44,22,11,34,17,52,26,13,40,20,10,5,16,8,4,2,1"
155,85,9232,"155,466,233,700,350,175,526,263,790,395,1186,593,1780,890,445,1336,668,334,167,502,251,754,377,1132,566,283,850,425,1276,638,319,958,479,1438,719,2158,1079,3238,1619,4858,2429,7288,3644,1822,911,2734,1367,4102,2051,6154,3077,9232,4616,2308,1154,577,1732,866,433,1300,650,325,976,488,244,122,61,184,92,46,23,70,35,106,53,160,80,40,20,10,5,16,8,4,2,1"
156,36,304,"156,78,39,118,59,178,89,268,134,67,202,101,304,152,76,38,19,58,29,88,44,22,11,34,17,52,26,13,40,20,10,5,16,8,4,2,1"
157,36,472,"157,472,236,118,59,178,89,268,134,67,202,101,304,152,76,38,19,58,29,88,44,22,11,34,17,52,26,13,40,20,10,5,16,8,4,2,1"
158,36,808,"158,79,238,119,358,179,538,269,808,404,202,101,304,152,76,38,19,58,29,88,44,22,11,34,17,52,26,13,40,20,10,5,16,8,4,2,1"
159,54,9232,"159,478,239,718,359,1078,539,1618,809,2428,1214,607,1822,911,2734,1367,4102,2051,6154,3077,9232,4616,2308,1154,577,1732,866,433,1300,650,325,976,488,244,122,61,184,92,46,23,70,35,106,53,160,80,40,20,10,5,16,8,4,2,1"
160,10,160,"160,80,40,20,10,5,16,8,4,2,1"
161,98,9232,"161,484,242,121,364,182,91,274,137,412,206,103,310,155,466,233,700,350,175,526,263,790,395,1186,593,1780,890,445,1336,668,334,167,502,251,754,377,1132,566,283,850,425,1276,638,319,958,479,1438,719,2158,1079,3238,1619,4858,2429,7288,3644,1822,911,2734,1367,4102,2051,6154,3077,9232,4616,2308,1154,577,1732,866,433,1300,650,325,976,488,244,122,61,184,92,46,23,70,35,106,53,160,80,40,20,10,5,16,8,4,2,1"
162,23,244,"162,81,244,122,61,184,92,46,23,70,35,106,53,160,80,40,20,10,5,16,8,4,2,1"
163,23,736,"163,490,245,736,368,184,92,46,23,70,35,106,53,160,80,40,20,10,5,16,8,4,2,1"
164,111,9232,"164,82,41,124,62,31,94,47,142,71,214,107,322,161,484,242,121,364,182,91,274,137,412,206,103,310,155,466,233,700,350,175,526,263,790,395,1186,593,1780,890,445,1336,668,334,167,502,251,754,377,1132,566,283,850,425,1276,638,319,958,479,1438,719,2158,1079,3238,1619,4858,2429,7288,3644,1822,911,2734,1367,4102,2051,6154,3077,9232,4616,2308,1154,577,1732,866,433,1300,650,325,976,488,244,122,61,184,92,46,23,70,35,106,53,160,80,40,20,10,5,16,8,4,2,1"
165,111,9232,"165,496,248,124,62,31,94,47,142,71,214,107,322,161,484,242,121,364,182,91,274,137,412,206,103,310,155,466,233,700,350,175,526,263,790,395,1186,593,1780,890,445,1336,668,334,167,502,251,754,377,1132,566,283,850,425,1276,638,319,958,479,1438,719,2158,1079,3238,1619,4858,2429,7288,3644,1822,911,2734,1367,4102,2051,6154,3077,9232,4616,2308,1154,577,1732,866,433,1300,650,325,976,488,244,122,61,184,92,46,23,70,35,106,53,160,80,40,20,10,5,16,8,4,2,1"
166,111,9232,"166,83,250,125,376,188,94,47,142,71,214,107,322,161,484,242,121,364,182,91,274,137,412,206,103,310,155,466,233,700,350,175,526,263,790,395,1186,593,1780,890,445,1336,668,334,167,502,251,754,377,1132,566,283,850,425,1276,638,319,958,479,1438,719,2158,1079,3238,1619,4858,2429,7288,3644,1822,911,2734,1367,4102,2051,6154,3077,9232,4616,2308,1154,577,1732,866,433,1300,650,325,976,488,244,122,61,184,92,46,23,70,35,106,53,160,80,40,20,10,5,16,8,4,2,1"
167,67,9232,"167,502,251,754,377,1132,566,283,850,425,1276,638,319,958,479,1438,719,2158,1079,3238,1619,4858,2429,7288,3644,1822,911,2734,1367,4102,2051,6154,3077,9232,4616,2308,1154,577,1732,866,433,1300,650,325,976,488,244,122,61,184,92,46,23,70,35,106,53,160,80,40,20,10,5,16,8,4,2,1"
168,10,168,"168,84,42,21,64,32,16,8,4,2,1"
169,49,4372,"169,508,254,127,382,191,574,287,862,431,1294,647,1942,971,2914,1457,4372,2186,1093,3280,1640,820,410,205,616,308,154,77,232,116,58,29,88,44,22,11,34,17,52,26,13,40,20,10,5,16,8,4,2,1"
170,10,256,"170,85,256,128,64,32,16,8,4,2,1"
171,124,9232,"171,514,257,772,386,193,580,290,145,436,218,109,328,164,82,41,124,62,31,94,47,142,71,214,107,322,161,484,242,121,364,182,91,274,137,412,206,103,310,155,466,233,700,350,175,526,263,790,395,1186,593,1780,890,445,1336,668,334,167,502,251,754,377,1132,566,283,850,425,1276,638,319,958,479,1438,719,2158,1079,3238,1619,4858,2429,7288,3644,1822,911,2734,1367,4102,2051,6154,3077,9232,4616,2308,1154,577,1732,866,433,1300,650,325,976,488,244,122,61,184,92,46,23,70,35,106,53,160,80,40,20,10,5,16,8,4,2,1"
172,31,196,"172,86,43,130,65,196,98,49,148,74,37,112,56,28,14,7,22,11,34,17,52,26,13,40,20,10,5,16,8,4,2,1"
173,31,520,"173,520,260,130,65,196,98,49,148,74,37,112,56,28,14,7,22,11,34,17,52,26,13,40,20,10,5,16,8,4,2,1"
174,31,592,"174,87,262,131,394,197,592,296,148,74,37,112,56,28,14,7,22,11,34,17,52,26,13,40,20,10,5,16,8,4,2,1"
175,80,9232,"175,526,263,790,395,1186,593,1780,890,445,1336,668,334,167,502,251,754,377,1132,566,283,850,425,1276,638,319,958,479,1438,719,2158,1079,3238,1619,4858,2429,7288,3644,1822,911,2734,1367,4102,2051,6154,3077,9232,4616,2308,1154,577,1732,866,433,1300,650,325,976,488,244,122,61,184,92,46,23,70,35,106,53,160,80,40,20,10,5,16,8,4,2,1"
176,18,176,"176,88,44,22,11,34,17,52,26,13,40,20,10,5,16,8,4,2,1"
177,31,532,"177,532,266,133,400,200,100,50,25,76,38,19,58,29,88,44,22,11,34,17,52,26,13,40,20,10,5,16,8,4,2,1"
178,31,304,"178,89,268,134,67,202,101,304,152,76,38,19,58,29,88,44,22,11,34,17,52,26,13,40,20,10,5,16,8,4,2,1"
179,31,808,"179,538,269,808,404,202,101,304,152,76,38,19,58,29,88,44,22,11,34,17,52,26,13,40,20,10,5,16,8,4,2,1"
180,18,180,"180,90,45,136,68,34,17,52,26,13,40,20,10,5,16,8,4,2,1"
181,18,544,"181,544,272,136,68,34,17,52,26,13,40,20,10,5,16,8,4,2,1"
182,93,9232,"182,91,274,137,412,206,103,310,155,466,233,700,350,175,526,263,790,395,1186,593,1780,890,445,1336,668,334,167,502,251,754,377,1132,566,283,850,425,1276,638,319,958,479,1438,719,2158,1079,3238,1619,4858,2429,7288,3644,1822,911,2734,1367,4102,2051,6154,3077,9232,4616,2308,1154,577,1732,866,433,1300,650,325,976,488,244,122,61,184,92,46,23,70,35,106,53,160,80,40,20,10,5,16,8,4,2,1"
183,93,9232,"183,550,275,826,413,1240,620,310,155,466,233,700,350,175,526,263,790,395,1186,593,1780,890,445,1336,668,334,167,502,251,754,377,1132,566,283,850,425,1276,638,319,958,479,1438,719,2158,1079,3238,1619,4858,2429,7288,3644,1822,911,2734,1367,4102,2051,6154,3077,9232,4616,2308,1154,577,1732,866,433,1300,650,325,976,488,244,122,61,184,92,46,23,70,35,106,53,160,80,40,20,10,5,16,8,4,2,1"
184,18,184,"184,92,46,23,70,35,106,53,160,80,40,20,10,5,16,8,4,2,1"
185,44,628,"185,556,278,139,418,209,628,314,157,472,236,118,59,178,89,268,134,67,202,101,304,152,76,38,19,58,29,88,44,22,11,34,17,52,26,13,40,20,10,5,16,8,4,2,1"
186,18,280,"186,93,280,140,70,35,106,53,160,80,40,20,10,5,16,8,4,2,1"
187,44,952,"187,562,281,844,422,211,634,317,952,476,238,119,358,179,538,269,808,404,202,101,304,152,76,38,19,58,29,88,44,22,11,34,17,52,26,13,40,20,10,5,16,8,4,2,1"
188,106,9232,"188,94,47,142,71,214,107,322,161,484,242,121,364,182,91,274,137,412,206,103,310,155,466,233,700,350,175,526,263,790,395,1186,593,1780,890,445,1336,668,334,167,502,251,754,377,1132,566,283,850,425,1276,638,319,958,479,1438,719,2158,1079,3238,1619,4858,2429,7288,3644,1822,911,2734,1367,4102,2051,6154,3077,9232,4616,2308,1154,577,1732,866,433,1300,650,325,976,488,244,122,61,184,92,46,23,70,35,106,53,160,80,40,20,10,5,16,8,4,2,1"
189,106,9232,"189,568,284,142,71,214,107,322,161,484,242,121,364,182,91,274,137,412,206,103,310,155,466,233,700,350,175,526,263,790,395,1186,593,1780,890,445,1336,668,334,167,502,251,754,377,1132,566,283,850,425,1276,638,319,958,479,1438,719,2158,1079,3238,1619,4858,2429,7288,3644,1822,911,2734,1367,4102,2051,6154,3077,9232,4616,2308,1154,577,1732,866,433,1300,650,325,976,488,244,122,61,184,92,46,23,70,35,106,53,160,80,40,20,10,5,16,8,4,2,1"
190,106,9232,"190,95,286,143,430,215,646,323,970,485,1456,728,364,182,91,274,137,412,206,103,310,155,466,233,700,350,175,526,263,790,395,1186,593,1780,890,445,1336,668,334,167,502,251,754,377,1132,566,283,850,425,1276,638,319,958,479,1438,719,2158,1079,3238,1619,4858,2429,7288,3644,1822,911,2734,1367,4102,2051,6154,3077,9232,4616,2308,1154,577,1732,866,433,1300,650,325,976,488,244,122,61,184,92,46,23,70,35,106,53,160,80,40,20,10,5,16,8,4,2,1"
191,44,4372,"191,574,287,862,431,1294,647,1942,971,2914,1457,4372,2186,1093,3280,1640,820,410,205,616,308,154,77,232,116,58,29,88,44,22,11,34,17,52,26,13,40,20,10,5,16,8,4,2,1"
192,13,192,"192,96,48,24,12,6,3,10,5,16,8,4,2,1"
193,119,9232,"193,580,290,145,436,218,109,328,164,82,41,124,62,31,94,47,142,71,214,107,322,161,484,242,121,364,182,91,274,137,412,206,103,310,155,466,233,700,350,175,526,263,790,395,1186,593,1780,890,445,1336,668,334,167,502,251,754,377,1132,566,283,850,425,1276,638,319,958,479,1438,719,2158,1079,3238,1619,4858,2429,7288,3644,1822,911,2734,1367,4102,2051,6154,3077,9232,4616,2308,1154,577,1732,866,433,1300,650,325,976,488,244,122,61,184,92,46,23,70,35,106,53,160,80,40,20,10,5,16,8,4,2,1"
194,119,9232,"194,97,292,146,73,220,110,55,166,83,250,125,376,188,94,47,142,71,214,107,322,161,484,242,121,364,182,91,274,137,412,206,103,310,155,466,233,700,350,175,526,263,790,395,1186,593,1780,890,445,1336,668,334,167,502,251,754,377,1132,566,283,850,425,1276,638,319,958,479,1438,719,2158,1079,3238,1619,4858,2429,7288,3644,1822,911,2734,1367,4102,2051,6154,3077,9232,4616,2308,1154,577,1732,866,433,1300,650,325,976,488,244,122,61,184,92,46,23,70,35,106,53,160,80,40,20,10,5,16,8,4,2,1"
195,119,9232,"195,586,293,880,440,220,110,55,166,83,250,125,376,188,94,47,142,71,214,107,322,161,484,242,121,364,182,91,274,137,412,206,103,310,155,466,233,700,350,175,526,263,790,395,1186,593,1780,890,445,1336,668,334,167,502,251,754,377,1132,566,283,850,425,1276,638,319,958,479,1438,719,2158,1079,3238,1619,4858,2429,7288,3644,1822,911,2734,1367,4102,2051,6154,3077,9232,4616,2308,1154,577,1732,866,433,1300,650,325,976,488,244,122,61,184,92,46,23,70,35,106,53,160,80,40,20,10,5,16,8,4,2,1"
196,26,196,"196,98,49,148,74,37,112,56,28,14,7,22,11,34,17,52,26,13,40,20,10,5,16,8,4,2,1"
197,26,592,"197,592,296,148,74,37,112,56,28,14,7,22,11,34,17,52,26,13,40,20,10,5,16,8,4,2,1"
198,26,448,"198,99,298,149,448,224,112,56,28,14,7,22,11,34,17,52,26,13,40,20,10,5,16,8,4,2,1"
199,119,9232,"199,598,299,898,449,1348,674,337,1012,506,253,760,380,190,95,286,143,430,215,646,323,970,485,1456,728,364,182,91,274,137,412,206,103,310,155,466,233,700,350,175,526,263,790,395,1186,593,1780,890,445,1336,668,334,167,502,251,754,377,1132,566,283,850,425,1276,638,319,958,479,1438,719,2158,1079,3238,1619,4858,2429,7288,3644,1822,911,2734,1367,4102,2051,6154,3077,9232,4616,2308,1154,577,1732,866,433,1300,650,325,976,488,244,122,61,184,92,46,23,70,35,106,53,160,80,40,20,10,5,16,8,4,2,1"
200,26,200,"200,100,50,25,76,38,19,58,29,88,44,22,11,34,17,52,26,13,40,20,10,5,16,8,4,2,1"
201,18,1024,"201,604,302,151,454,227,682,341,1024,512,256,128,64,32,16,8,4,2,1"
202,26,304,"202,101,304,152,76,38,19,58,29,88,44,22,11,34,17,52,26,13,40,20,10,5,16,8,4,2,1"
203,39,916,"203,610,305,916,458,229,688,344,172,86,43,130,65,196,98,49,148,74,37,112,56,28,14,7,22,11,34,17,52,26,13,40,20,10,5,16,8,4,2,1"
204,26,232,"204,102,51,154,77,232,116,58,29,88,44,22,11,34,17,52,26,13,40,20,10,5,16,8,4,2,1"
205,26,616,"205,616,308,154,77,232,116,58,29,88,44,22,11,34,17,52,26,13,40,20,10,5,16,8,4,2,1"
206,88,9232,"206,103,310,155,466,233,700,350,175,526,263,790,395,1186,593,1780,890,445,1336,668,334,167,502,251,754,377,1132,566,283,850,425,1276,638,319,958,479,1438,719,2158,1079,3238,1619,4858,2429,7288,3644,1822,911,2734,1367,4102,2051,6154,3077,9232,4616,2308,1154,577,1732,866,433,1300,650,325,976,488,244,122,61,184,92,46,23,70,35,106,53,160,80,40,20,10,5,16,8,4,2,1"
207,88,9232,"207,622,311,934,467,1402,701,2104,1052,526,263,790,395,1186,593,1780,890,445,1336,668,334,167,502,251,754,377,1132,566,283,850,425,1276,638,319,958,479,1438,719,2158,1079,3238,1619,4858,2429,7288,3644,1822,911,2734,1367,4102,2051,6154,3077,9232,4616,2308,1154,577,1732,866,433,1300,650,325,976,488,244,122,61,184,92,46,23,70,35,106,53,160,80,40,20,10,5,16,8,4,2,1"
208,13,208,"208,104,52,26,13,40,20,10,5,16,8,4,2,1"
209,39,628,"209,628,314,157,472,236,118,59,178,89,268,134,67,202,101,304,152,76,38,19,58,29,88,44,22,11,34,17,52,26,13,40,20,10,5,16,8,4,2,1"
210,39,808,"210,105,316,158,79,238,119,358,179,538,269,808,404,202,101,304,152,76,38,19,58,29,88,44,22,11,34,17,52,26,13,40,20,10,5,16,8,4,2,1"
211,39,952,"211,634,317,952,476,238,119,358,179,538,269,808,404,202,101,304,152,76,38,19,58,29,88,44,22,11,34,17,52,26,13,40,20,10,5,16,8,4,2,1"
212,13,212,"212,106,53,160,80,40,20,10,5,16,8,4,2,1"
213,13,640,"213,640,320,160,80,40,20,10,5,16,8,4,2,1"
214,101,9232,"214,107,322,161,484,242,121,364,182,91,274,137,412,206,103,310,155,466,233,700,350,175,526,263,790,395,1186,593,1780,890,445,1336,668,334,167,502,251,754,377,1132,566,283,850,425,1276,638,319,958,479,1438,719,2158,1079,3238,1619,4858,2429,7288,3644,1822,911,2734,1367,4102,2051,6154,3077,9232,4616,2308,1154,577,1732,866,433,1300,650,325,976,488,244,122,61,184,92,46,23,70,35,106,53,160,80,40,20,10,5,16,8,4,2,1"
215,101,9232,"215,646,323,970,485,1456,728,364,182,91,274,137,412,206,103,310,155,466,233,700,350,175,526,263,790,395,1186,593,1780,890,445,1336,668,334,167,502,251,754,377,1132,566,283,850,425,1276,638,319,958,479,1438,719,2158,1079,3238,1619,4858,2429,7288,3644,1822,911,2734,1367,4102,2051,6154,3077,9232,4616,2308,1154,577,1732,866,433,1300,650,325,976,488,244,122,61,184,92,46,23,70,35,106,53,160,80,40,20,10,5,16,8,4,2,1"
216,114,9232,"216,108,54,27,82,41,124,62,31,94,47,142,71,214,107,322,161,484,242,121,364,182,91,274,137,412,206,103,310,155,466,233,700,350,175,526,263,790,395,1186,593,1780,890,445,1336,668,334,167,502,251,754,377,1132,566,283,850,425,1276,638,319,958,479,1438,719,2158,1079,3238,1619,4858,2429,7288,3644,1822,911,2734,1367,4102,2051,6154,3077,9232,4616,2308,1154,577,1732,866,433,1300,650,325,976,488,244,122,61,184,92,46,23,70,35,106,53,160,80,40,20,10,5,16,8,4,2,1"
217,26,736,"217,652,326,163,490,245,736,368,184,92,46,23,70,35,106,53,160,80,40,20,10,5,16,8,4,2,1"
218,114,9232,"218,109,328,164,82,41,124,62,31,94,47,142,71,214,107,322,161,484,242,121,364,182,91,274,137,412,206,103,310,155,466,233,700,350,175,526,263,790,395,1186,593,1780,890,445,1336,668,334,167,502,251,754,377,1132,566,283,850,425,1276,638,319,958,479,1438,719,2158,1079,3238,1619,4858,2429,7288,3644,1822,911,2734,1367,4102,2051,6154,3077,9232,4616,2308,1154,577,1732,866,433,1300,650,325,976,488,244,122,61,184,92,46,23,70,35,106,53,160,80,40,20,10,5,16,8,4,2,1"
219,52,1672,"219,658,329,988,494,247,742,371,1114,557,1672,836,418,209,628,314,157,472,236,118,59,178,89,268,134,67,202,101,304,152,76,38,19,58,29,88,44,22,11,34,17,52,26,13,40,20,10,5,16,8,4,2,1"
220,114,9232,"220,110,55,166,83,250,125,376,188,94,47,142,71,214,107,322,161,484,242,121,364,182,91,274,137,412,206,103,310,155,466,233,700,350,175,526,263,790,395,1186,593,1780,890,445,1336,668,334,167,502,251,754,377,1132,566,283,850,425,1276,638,319,958,479,1438,719,2158,1079,3238,1619,4858,2429,7288,3644,1822,911,2734,1367,4102,2051,6154,3077,9232,4616,2308,1154,577,1732,866,433,1300,650,325,976,488,244,122,61,184,92,46,23,70,35,106,53,160,80,40,20,10,5,16,8,4,2,1"
221,114,9232,"221,664,332,166,83,250,125,376,188,94,47,142,71,214,107,322,161,484,242,121,364,182,91,274,137,412,206,103,310,155,466,233,700,350,175,526,263,790,395,1186,593,1780,890,445,1336,668,334,167,502,251,754,377,1132,566,283,850,425,1276,638,319,958,479,1438,719,2158,1079,3238,1619,4858,2429,7288,3644,1822,911,2734,1367,4102,2051,6154,3077,9232,4616,2308,1154,577,1732,866,433,1300,650,325,976,488,244,122,61,184,92,46,23,70,35,106,53,160,80,40,20,10,5,16,8,4,2,1"
222,70,9232,"222,111,334,167,502,251,754,377,1132,566,283,850,425,1276,638,319,958,479,1438,719,2158,1079,3238,1619,4858,2429,7288,3644,1822,911,2734,1367,4102,2051,6154,3077,9232,4616,2308,1154,577,1732,866,433,1300,650,325,976,488,244,122,61,184,92,46,23,70,35,106,53,160,80,40,20,10,5,16,8,4,2,1"
223,70,9232,"223,670,335,1006,503,1510,755,2266,1133,3400,1700,850,425,1276,638,319,958,479,1438,719,2158,1079,3238,1619,4858,2429,7288,3644,1822,911,2734,1367,4102,2051,6154,3077,9232,4616,2308,1154,577,1732,866,433,1300,650,325,976,488,244,122,61,184,92,46,23,70,35,106,53,160,80,40,20,10,5,16,8,4,2,1"
224,21,224,"224,112,56,28,14,7,22,11,34,17,52,26,13,40,20,10,5,16,8,4,2,1"
225,52,4372,"225,676,338,169,508,254,127,382,191,574,287,862,431,1294,647,1942,971,2914,1457,4372,2186,1093,3280,1640,820,410,205,616,308,154,77,232,116,58,29,88,44,22,11,34,17,52,26,13,40,20,10,5,16,8,4,2,1"
226,13,340,"226,113,340,170,85,256,128,64,32,16,8,4,2,1"
227,13,1024,"227,682,341,1024,512,256,128,64,32,16,8,4,2,1"
228,34,228,"228,114,57,172,86,43,130,65,196,98,49,148,74,37,112,56,28,14,7,22,11,34,17,52,26,13,40,20,10,5,16,8,4,2,1"
229,34,688,"229,688,344,172,86,43,130,65,196,98,49,148,74,37,112,56,28,14,7,22,11,34,17,52,26,13,40,20,10,5,16,8,4,2,1"
230,34,520,"230,115,346,173,520,260,130,65,196,98,49,148,74,37,112,56,28,14,7,22,11,34,17,52,26,13,40,20,10,5,16,8,4,2,1"
231,127,9232,"231,694,347,1042,521,1564,782,391,1174,587,1762,881,2644,1322,661,1984,992,496,248,124,62,31,94,47,142,71,214,107,322,161,484,242,121,364,182,91,274,137,412,206,103,310,155,466,233,700,350,175,526,263,790,395,1186,593,1780,890,445,1336,668,334,167,502,251,754,377,1132,566,283,850,425,1276,638,319,958,479,1438,719,2158,1079,3238,1619,4858,2429,7288,3644,1822,911,2734,1367,4102,2051,6154,3077,9232,4616,2308,1154,577,1732,866,433,1300,650,325,976,488,244,122,61,184,92,46,23,70,35,106,53,160,80,40,20,10,5,16,8,4,2,1"
232,21,232,"232,116,58,29,88,44,22,11,34,17,52,26,13,40,20,10,5,16,8,4,2,1"
233,83,9232,"233,700,350,175,526,263,790,395,1186,593,1780,890,445,1336,668,334,167,502,251,754,377,1132,566,283,850,425,1276,638,319,958,479,1438,719,2158,1079,3238,1619,4858,2429,7288,3644,1822,911,2734,1367,4102,2051,6154,3077,9232,4616,2308,1154,577,1732,866,433,1300,650,325,976,488,244,122,61,184,92,46,23,70,35,106,53,160,80,40,20,10,5,16,8,4,2,1"
234,21,352,"234,117,352,176,88,44,22,11,34,17,52,26,13,40,20,10,5,16,8,4,2,1"
235,127,9232,"235,706,353,1060,530,265,796,398,199,598,299,898,449,1348,674,337,1012,506,253,760,380,190,95,286,143,430,215,646,323,970,485,1456,728,364,182,91,274,137,412,206,103,310,155,466,233,700,350,175,526,263,790,395,1186,593,1780,890,445,1336,668,334,167,502,251,754,377,1132,566,283,850,425,1276,638,319,958,479,1438,719,2158,1079,3238,1619,4858,2429,7288,3644,1822,911,2734,1367,4102,2051,6154,3077,9232,4616,2308,1154,577,1732,866,433,1300,650,325,976,488,244,122,61,184,92,46,23,70,35,106,53,160,80,40,20,10,5,16,8,4,2,1"
236,34,304,"236,118,59,178,89,268,134,67,202,101,304,152,76,38,19,58,29,88,44,22,11,34,17,52,26,13,40,20,10,5,16,8,4,2,1"
237,34,712,"237,712,356,178,89,268,134,67,202,101,304,152,76,38,19,58,29,88,44,22,11,34,17,52,26,13,40,20,10,5,16,8,4,2,1"
238,34,808,"238,119,358,179,538,269,808,404,202,101,304,152,76,38,19,58,29,88,44,22,11,34,17,52,26,13,40,20,10,5,16,8,4,2,1"
239,52,9232,"239,718,359,1078,539,1618,809,2428,1214,607,1822,911,2734,1367,4102,2051,6154,3077,9232,4616,2308,1154,577,1732,866,433,1300,650,325,976,488,244,122,61,184,92,46,23,70,35,106,53,160,80,40,20,10,5,16,8,4,2,1"
240,21,240,"240,120,60,30,15,46,23,70,35,106,53,160,80,40,20,10,5,16,8,4,2,1"
241,21,724,"241,724,362,181,544,272,136,68,34,17,52,26,13,40,20,10,5,16,8,4,2,1"
242,96,9232,"242,121,364,182,91,274,137,412,206,103,310,155,466,233,700,350,175,526,263,790,395,1186,593,1780,890,445,1336,668,334,167,502,251,754,377,1132,566,283,850,425,1276,638,319,958,479,1438,719,2158,1079,3238,1619,4858,2429,7288,3644,1822,911,2734,1367,4102,2051,6154,3077,9232,4616,2308,1154,577,1732,866,433,1300,650,325,976,488,244,122,61,184,92,46,23,70,35,106,53,160,80,40,20,10,5,16,8,4,2,1"
243,96,9232,"243,730,365,1096,548,274,137,412,206,103,310,155,466,233,700,350,175,526,263,790,395,1186,593,1780,890,445,1336,668,334,167,502,251,754,377,1132,566,283,850,425,1276,638,319,958,479,1438,719,2158,1079,3238,1619,4858,2429,7288,3644,1822,911,2734,1367,4102,2051,6154,3077,9232,4616,2308,1154,577,1732,866,433,1300,650,325,976,488,244,122,61,184,92,46,23,70,35,106,53,160,80,40,20,10,5,16,8,4,2,1"
244,21,244,"244,122,61,184,92,46,23,70,35,106,53,160,80,40,20,10,5,16,8,4,2,1"
245,21,736,"245,736,368,184,92,46,23,70,35,106,53,160,80,40,20,10,5,16,8,4,2,1"
246,47,628,"246,123,370,185,556,278,139,418,209,628,314,157,472,236,118,59,178,89,268,134,67,202,101,304,152,76,38,19,58,29,88,44,22,11,34,17,52,26,13,40,20,10,5,16,8,4,2,1"
247,47,1672,"247,742,371,1114,557,1672,836,418,209,628,314,157,472,236,118,59,178,89,268,134,67,202,101,304,152,76,38,19,58,29,88,44,22,11,34,17,52,26,13,40,20,10,5,16,8,4,2,1"
248,109,9232,"248,124,62,31,94,47,142,71,214,107,322,161,484,242,121,364,182,91,274,137,412,206,103,310,155,466,233,700,350,175,526,263,790,395,1186,593,1780,890,445,1336,668,334,167,502,251,754,377,1132,566,283,850,425,1276,638,319,958,479,1438,719,2158,1079,3238,1619,4858,2429,7288,3644,1822,911,2734,1367,4102,2051,6154,3077,9232,4616,2308,1154,577,1732,866,433,1300,650,325,976,488,244,122,61,184,92,46,23,70,35,106,53,160,80,40,20,10,5,16,8,4,2,1"
249,47,952,"249,748,374,187,562,281,844,422,211,634,317,952,476,238,119,358,179,538,269,808,404,202,101,304,152,76,38,19,58,29,88,44,22,11,34,17,52,26,13,40,20,10,5,16,8,4,2,1"
250,109,9232,"250,125,376,188,94,47,142,71,214,107,322,161,484,242,121,364,182,91,274,137,412,206,103,310,155,466,233,700,350,175,526,263,790,395,1186,593,1780,890,445,1336,668,334,167,502,251,754,377,1132,566,283,850,425,1276,638,319,958,479,1438,719,2158,1079,3238,1619,4858,2429,7288,3644,1822,911,2734,1367,4102,2051,6154,3077,9232,4616,2308,1154,577,1732,866,433,1300,650,325,976,488,244,122,61,184,92,46,23,70,35,106,53,160,80,40,20,10,5,16,8,4,2,1"
251,65,9232,"251,754,377,1132,566,283,850,425,1276,638,319,958,479,1438,719,2158,1079,3238,1619,4858,2429,7288,3644,1822,911,2734,1367,4102,2051,6154,3077,9232,4616,2308,1154,577,1732,866,433,1300,650,325,976,488,244,122,61,184,92,46,23,70,35,106,53,160,80,40,20,10,5,16,8,4,2,1"
252,109,9232,"252,126,63,190,95,286,143,430,215,646,323,970,485,1456,728,364,182,91,274,137,412,206,103,310,155,466,233,700,350,175,526,263,790,395,1186,593,1780,890,445,1336,668,334,167,502,251,754,377,1132,566,283,850,425,1276,638,319,958,479,1438,719,2158,1079,3238,1619,4858,2429,7288,3644,1822,911,2734,1367,4102,2051,6154,3077,9232,4616,2308,1154,577,1732,866,433,1300,650,325,976,488,244,122,61,184,92,46,23,70,35,106,53,160,80,40,20,10,5,16,8,4,2,1"
253,109,9232,"253,760,380,190,95,286,143,430,215,646,323,970,485,1456,728,364,182,91,274,137,412,206,103,310,155,466,233,700,350,175,526,263,790,395,1186,593,1780,890,445,1336,668,334,167,502,251,754,377,1132,566,283,850,425,1276,638,319,958,479,1438,719,2158,1079,3238,1619,4858,2429,7288,3644,1822,911,2734,1367,4102,2051,6154,3077,9232,4616,2308,1154,577,1732,866,433,1300,650,325,976,488,244,122,61,184,92,46,23,70,35,106,53,160,80,40,20,10,5,16,8,4,2,1"
254,47,4372,"254,127,382,191,574,287,862,431,1294,647,1942,971,2914,1457,4372,2186,1093,3280,1640,820,410,205,616,308,154,77,232,116,58,29,88,44,22,11,34,17,52,26,13,40,20,10,5,16,8,4,2,1"
255,47,13120,"255,766,383,1150,575,1726,863,2590,1295,3886,1943,5830,2915,8746,4373,13120,6560,3280,1640,820,410,205,616,308,154,77,232,116,58,29,88,44,22,11,34,17,52,26,13,40,20,10,5,16,8,4,2,1"
256,8,256,"256,128,64,32,16,8,4,2,1"
257,122,9232,"257,772,386,193,580,290,145,436,218,109,328,164,82,41,124,62,31,94,47,142,71,214,107,322,161,484,242,121,364,182,91,274,137,412,206,103,310,155,466,233,700,350,175,526,263,790,395,1186,593,1780,890,445,1336,668,334,167,502,251,754,377,1132,566,283,850,425,1276,638,319,958,479,1438,719,2158,1079,3238,1619,4858,2429,7288,3644,1822,911,2734,1367,4102,2051,6154,3077,9232,4616,2308,1154,577,1732,866,433,1300,650,325,976,488,244,122,61,184,92,46,23,70,35,106,53,160,80,40,20,10,5,16,8,4,2,1"
258,122,9232,"258,129,388,194,97,292,146,73,220,110,55,166,83,250,125,376,188,94,47,142,71,214,107,322,161,484,242,121,364,182,91,274,137,412,206,103,310,155,466,233,700,350,175,526,263,790,395,1186,593,1780,890,445,1336,668,334,167,502,251,754,377,1132,566,283,850,425,1276,638,319,958,479,1438,719,2158,1079,3238,1619,4858,2429,7288,3644,1822,911,2734,1367,4102,2051,6154,3077,9232,4616,2308,1154,577,1732,866,433,1300,650,325,976,488,244,122,61,184,92,46,23,70,35,106,53,160,80,40,20,10,5,16,8,4,2,1"
259,122,9232,"259,778,389,1168,584,292,146,73,220,110,55,166,83,250,125,376,188,94,47,142,71,214,107,322,161,484,242,121,364,182,91,274,137,412,206,103,310,155,466,233,700,350,175,526,263,790,395,1186,593,1780,890,445,1336,668,334,167,502,251,754,377,1132,566,283,850,425,1276,638,319,958,479,1438,719,2158,1079,3238,1619,4858,2429,7288,3644,1822,911,2734,1367,4102,2051,6154,3077,9232,4616,2308,1154,577,1732,866,433,1300,650,325,976,488,244,122,61,184,92,46,23,70,35,106,53,160,80,40,20,10,5,16,8,4,2,1"
260,29,260,"260,130,65,196,98,49,148,74,37,112,56,28,14,7,22,11,34,17,52,26,13,40,20,10,5,16,8,4,2,1"
261,29,784,"261,784,392,196,98,49,148,74,37,112,56,28,14,7,22,11,34,17,52,26,13,40,20,10,5,16,8,4,2,1"
262,29,592,"262,131,394,197,592,296,148,74,37,112,56,28,14,7,22,11,34,17,52,26,13,40,20,10,5,16,8,4,2,1"
263,78,9232,"263,790,395,1186,593,1780,890,445,1336,668,334,167,502,251,754,377,1132,566,283,850,425,1276,638,319,958,479,1438,719,2158,1079,3238,1619,4858,2429,7288,3644,1822,911,2734,1367,4102,2051,6154,3077,9232,4616,2308,1154,577,1732,866,433,1300,650,325,976,488,244,122,61,184,92,46,23,70,35,106,53,160,80,40,20,10,5,16,8,4,2,1"
264,29,264,"264,132,66,33,100,50,25,76,38,19,58,29,88,44,22,11,34,17,52,26,13,40,20,10,5,16,8,4,2,1"
265,122,9232,"265,796,398,199,598,299,898,449,1348,674,337,1012,506,253,760,380,190,95,286,143,430,215,646,323,970,485,1456,728,364,182,91,274,137,412,206,103,310,155,466,233,700,350,175,526,263,790,395,1186,593,1780,890,445,1336,668,334,167,502,251,754,377,1132,566,283,850,425,1276,638,319,958,479,1438,719,2158,1079,3238,1619,4858,2429,7288,3644,1822,911,2734,1367,4102,2051,6154,3077,9232,4616,2308,1154,577,1732,866,433,1300,650,325,976,488,244,122,61,184,92,46,23,70,35,106,53,160,80,40,20,10,5,16,8,4,2,1"
266,29,400,"266,133,400,200,100,50,25,76,38,19,58,29,88,44,22,11,34,17,52,26,13,40,20,10,5,16,8,4,2,1"
267,21,1204,"267,802,401,1204,602,301,904,452,226,113,340,170,85,256,128,64,32,16,8,4,2,1"
268,29,304,"268,134,67,202,101,304,152,76,38,19,58,29,88,44,22,11,34,17,52,26,13,40,20,10,5,16,8,4,2,1"
269,29,808,"269,808,404,202,101,304,152,76,38,19,58,29,88,44,22,11,34,17,52,26,13,40,20,10,5,16,8,4,2,1"
270,42,916,"270,135,406,203,610,305,916,458,229,688,344,172,86,43,130,65,196,98,49,148,74,37,112,56,28,14,7,22,11,34,17,52,26,13,40,20,10,5,16,8,4,2,1"
271,42,2752,"271,814,407,1222,611,1834,917,2752,1376,688,344,172,86,43,130,65,196,98,49,148,74,37,112,56,28,14,7,22,11,34,17,52,26,13,40,20,10,5,16,8,4,2,1"
272,16,272,"272,136,68,34,17,52,26,13,40,20,10,5,16,8,4,2,1"
273,29,820,"273,820,410,205,616,308,154,77,232,116,58,29,88,44,22,11,34,17,52,26,13,40,20,10,5,16,8,4,2,1"
274,91,9232,"274,137,412,206,103,310,155,466,233,700,350,175,526,263,790,395,1186,593,1780,890,445,1336,668,334,167,502,251,754,377,1132,566,283,850,425,1276,638,319,958,479,1438,719,2158,1079,3238,1619,4858,2429,7288,3644,1822,911,2734,1367,4102,2051,6154,3077,9232,4616,2308,1154,577,1732,866,433,1300,650,325,976,488,244,122,61,184,92,46,23,70,35,106,53,160,80,40,20,10,5,16,8,4,2,1"
275,91,9232,"275,826,413,1240,620,310,155,466,233,700,350,175,526,263,790,395,1186,593,1780,890,445,1336,668,334,167,502,251,754,377,1132,566,283,850,425,1276,638,319,958,479,1438,719,2158,1079,3238,1619,4858,2429,7288,3644,1822,911,2734,1367,4102,2051,6154,3077,9232,4616,2308,1154,577,1732,866,433,1300,650,325,976,488,244,122,61,184,92,46,23,70,35,106,53,160,80,40,20,10,5,16,8,4,2,1"
276,16,276,"276,138,69,208,104,52,26,13,40,20,10,5,16,8,4,2,1"
277,16,832,"277,832,416,208,104,52,26,13,40,20,10,5,16,8,4,2,1"
278,42,628,"278,139,418,209,628,314,157,472,236,118,59,178,89,268,134,67,202,101,304,152,76,38,19,58,29,88,44,22,11,34,17,52,26,13,40,20,10,5,16,8,4,2,1"
279,42,1888,"279,838,419,1258,629,1888,944,472,236,118,59,178,89,268,134,67,202,101,304,152,76,38,19,58,29,88,44,22,11,34,17,52,26,13,40,20,10,5,16,8,4,2,1"
280,16,280,"280,140,70,35,106,53,160,80,40,20,10,5,16,8,4,2,1"
281,42,952,"281,844,422,211,634,317,952,476,238,119,358,179,538,269,808,404,202,101,304,152,76,38,19,58,29,88,44,22,11,34,17,52,26,13,40,20,10,5,16,8,4,2,1"
282,16,424,"282,141,424,212,106,53,160,80,40,20,10,5,16,8,4,2,1"
283,60,9232,"283,850,425,1276,638,319,958,479,1438,719,2158,1079,3238,1619,4858,2429,7288,3644,1822,911,2734,1367,4102,2051,6154,3077,9232,4616,2308,1154,577,1732,866,433,1300,650,325,976,488,244,122,61,184,92,46,23,70,35,106,53,160,80,40,20,10,5,16,8,4,2,1"
284,104,9232,"284,142,71,214,107,322,161,484,242,121,364,182,91,274,137,412,206,103,310,155,466,233,700,350,175,526,263,790,395,1186,593,1780,890,445,1336,668,334,167,502,251,754,377,1132,566,283,850,425,1276,638,319,958,479,1438,719,2158,1079,3238,1619,4858,2429,7288,3644,1822,911,2734,1367,4102,2051,6154,3077,9232,4616,2308,1154,577,1732,866,433,1300,650,325,976,488,244,122,61,184,92,46,23,70,35,106,53,160,80,40,20,10,5,16,8,4,2,1"
285,104,9232,"285,856,428,214,107,322,161,484,242,121,364,182,91,274,137,412,206,103,310,155,466,233,700,350,175,526,263,790,395,1186,593,1780,890,445,1336,668,334,167,502,251,754,377,1132,566,283,850,425,1276,638,319,958,479,1438,719,2158,1079,3238,1619,4858,2429,7288,3644,1822,911,2734,1367,4102,2051,6154,3077,9232,4616,2308,1154,577,1732,866,433,1300,650,325,976,488,244,122,61,184,92,46,23,70,35,106,53,160,80,40,20,10,5,16,8,4,2,1"
286,104,9232,"286,143,430,215,646,323,970,485,1456,728,364,182,91,274,137,412,206,103,310,155,466,233,700,350,175,526,263,790,395,1186,593,1780,890,445,1336,668,334,167,502,251,754,377,1132,566,283,850,425,1276,638,319,958,479,1438,719,2158,1079,3238,1619,4858,2429,7288,3644,1822,911,2734,1367,4102,2051,6154,3077,9232,4616,2308,1154,577,1732,866,433,1300,650,325,976,488,244,122,61,184,92,46,23,70,35,106,53,160,80,40,20,10,5,16,8,4,2,1"
287,42,4372,"287,862,431,1294,647,1942,971,2914,1457,4372,2186,1093,3280,1640,820,410,205,616,308,154,77,232,116,58,29,88,44,22,11,34,17,52,26,13,40,20,10,5,16,8,4,2,1"
288,24,288,"288,144,72,36,18,9,28,14,7,22,11,34,17,52,26,13,40,20,10,5,16,8,4,2,1"
289,29,868,"289,868,434,217,652,326,163,490,245,736,368,184,92,46,23,70,35,106,53,160,80,40,20,10,5,16,8,4,2,1"
290,117,9232,"290,145,436,218,109,328,164,82,41,124,62,31,94,47,142,71,214,107,322,161,484,242,121,364,182,91,274,137,412,206,103,310,155,466,233,700,350,175,526,263,790,395,1186,593,1780,890,445,1336,668,334,167,502,251,754,377,1132,566,283,850,425,1276,638,319,958,479,1438,719,2158,1079,3238,1619,4858,2429,7288,3644,1822,911,2734,1367,4102,2051,6154,3077,9232,4616,2308,1154,577,1732,866,433,1300,650,325,976,488,244,122,61,184,92,46,23,70,35,106,53,160,80,40,20,10,5,16,8,4,2,1"
291,117,9232,"291,874,437,1312,656,328,164,82,41,124,62,31,94,47,142,71,214,107,322,161,484,242,121,364,182,91,274,137,412,206,103,310,155,466,233,700,350,175,526,263,790,395,1186,593,1780,890,445,1336,668,334,167,502,251,754,377,1132,566,283,850,425,1276,638,319,958,479,1438,719,2158,1079,3238,1619,4858,2429,7288,3644,1822,911,2734,1367,4102,2051,6154,3077,9232,4616,2308,1154,577,1732,866,433,1300,650,325,976,488,244,122,61,184,92,46,23,70,35,106,53,160,80,40,20,10,5,16,8,4,2,1"
292,117,9232,"292,146,73,220,110,55,166,83,250,125,376,188,94,47,142,71,214,107,322,161,484,242,121,364,182,91,274,137,412,206,103,310,155,466,233,700,350,175,526,263,790,395,1186,593,1780,890,445,1336,668,334,167,502,251,754,377,1132,566,283,850,425,1276,638,319,958,479,1438,719,2158,1079,3238,1619,4858,2429,7288,3644,1822,911,2734,1367,4102,2051,6154,3077,9232,4616,2308,1154,577,1732,866,433,1300,650,325,976,488,244,122,61,184,92,46,23,70,35,106,53,160,80,40,20,10,5,16,8,4,2,1"
293,117,9232,"293,880,440,220,110,55,166,83,250,125,376,188,94,47,142,71,214,107,322,161,484,242,121,364,182,91,274,137,412,206,103,310,155,466,233,700,350,175,526,263,790,395,1186,593,1780,890,445,1336,668,334,167,502,251,754,377,1132,566,283,850,425,1276,638,319,958,479,1438,719,2158,1079,3238,1619,4858,2429,7288,3644,1822,911,2734,1367,4102,2051,6154,3077,9232,4616,2308,1154,577,1732,866,433,1300,650,325,976,488,244,122,61,184,92,46,23,70,35,106,53,160,80,40,20,10,5,16,8,4,2,1"
294,117,9232,"294,147,442,221,664,332,166,83,250,125,376,188,94,47,142,71,214,107,322,161,484,242,121,364,182,91,274,137,412,206,103,310,155,466,233,700,350,175,526,263,790,395,1186,593,1780,890,445,1336,668,334,167,502,251,754,377,1132,566,283,850,425,1276,638,319,958,479,1438,719,2158,1079,3238,1619,4858,2429,7288,3644,1822,911,2734,1367,4102,2051,6154,3077,9232,4616,2308,1154,577,1732,866,433,1300,650,325,976,488,244,122,61,184,92,46,23,70,35,106,53,160,80,40,20,10,5,16,8,4,2,1"
295,55,2248,"295,886,443,1330,665,1996,998,499,1498,749,2248,1124,562,281,844,422,211,634,317,952,476,238,119,358,179,538,269,808,404,202,101,304,152,76,38,19,58,29,88,44,22,11,34,17,52,26,13,40,20,10,5,16,8,4,2,1"
296,24,296,"296,148,74,37,112,56,28,14,7,22,11,34,17,52,26,13,40,20,10,5,16,8,4,2,1"
297,73,9232,"297,892,446,223,670,335,1006,503,1510,755,2266,1133,3400,1700,850,425,1276,638,319,958,479,1438,719,2158,1079,3238,1619,4858,2429,7288,3644,1822,911,2734,1367,4102,2051,6154,3077,9232,4616,2308,1154,577,1732,866,433,1300,650,325,976,488,244,122,61,184,92,46,23,70,35,106,53,160,80,40,20,10,5,16,8,4,2,1"
298,24,448,"298,149,448,224,112,56,28,14,7,22,11,34,17,52,26,13,40,20,10,5,16,8,4,2,1"
299,117,9232,"299,898,449,1348,674,337,1012,506,253,760,380,190,95,286,143,430,215,646,323,970,485,1456,728,364,182,91,274,137,412,206,103,310,155,466,233,700,350,175,526,263,790,395,1186,593,1780,890,445,1336,668,334,167,502,251,754,377,1132,566,283,850,425,1276,638,319,958,479,1438,719,2158,1079,3238,1619,4858,2429,7288,3644,1822,911,2734,1367,4102,2051,6154,3077,9232,4616,2308,1154,577,1732,866,433,1300,650,325,976,488,244,122,61,184,92,46,23,70,35,106,53,160,80,40,20,10,5,16,8,4,2,1"
300,16,340,"300,150,75,226,113,340,170,85,256,128,64,32,16,8,4,2,1"
301,16,904,"301,904,452,226,113,340,170,85,256,128,64,32,16,8,4,2,1"
302,16,1024,"302,151,454,227,682,341,1024,512,256,128,64,32,16,8,4,2,1"
303,42,3076,"303,910,455,1366,683,2050,1025,3076,1538,769,2308,1154,577,1732,866,433,1300,650,325,976,488,244,122,61,184,92,46,23,70,35,106,53,160,80,40,20,10,5,16,8,4,2,1"
304,24,304,"304,152,76,38,19,58,29,88,44,22,11,34,17,52,26,13,40,20,10,5,16,8,4,2,1"
305,37,916,"305,916,458,229,688,344,172,86,43,130,65,196,98,49,148,74,37,112,56,28,14,7,22,11,34,17,52,26,13,40,20,10,5,16,8,4,2,1"
306,37,520,"306,153,460,230,115,346,173,520,260,130,65,196,98,49,148,74,37,112,56,28,14,7,22,11,34,17,52,26,13,40,20,10,5,16,8,4,2,1"
307,37,1384,"307,922,461,1384,692,346,173,520,260,130,65,196,98,49,148,74,37,112,56,28,14,7,22,11,34,17,52,26,13,40,20,10,5,16,8,4,2,1"
308,24,308,"308,154,77,232,116,58,29,88,44,22,11,34,17,52,26,13,40,20,10,5,16,8,4,2,1"
309,24,928,"309,928,464,232,116,58,29,88,44,22,11,34,17,52,26,13,40,20,10,5,16,8,4,2,1"
310,86,9232,"310,155,466,233,700,350,175,526,263,790,395,1186,593,1780,890,445,1336,668,334,167,502,251,754,377,1132,566,283,850,425,1276,638,319,958,479,1438,719,2158,1079,3238,1619,4858,2429,7288,3644,1822,911,2734,1367,4102,2051,6154,3077,9232,4616,2308,1154,577,1732,866,433,1300,650,325,976,488,244,122,61,184,92,46,23,70,35,106,53,160,80,40,20,10,5,16,8,4,2,1"
311,86,9232,"311,934,467,1402,701,2104,1052,526,263,790,395,1186,593,1780,890,445,1336,668,334,167,502,251,754,377,1132,566,283,850,425,1276,638,319,958,479,1438,719,2158,1079,3238,1619,4858,2429,7288,3644,1822,911,2734,1367,4102,2051,6154,3077,9232,4616,2308,1154,577,1732,866,433,1300,650,325,976,488,244,122,61,184,92,46,23,70,35,106,53,160,80,40,20,10,5,16,8,4,2,1"
312,37,312,"312,156,78,39,118,59,178,89,268,134,67,202,101,304,152,76,38,19,58,29,88,44,22,11,34,17,52,26,13,40,20,10,5,16,8,4,2,1"
313,130,9232,"313,940,470,235,706,353,1060,530,265,796,398,199,598,299,898,449,1348,674,337,1012,506,253,760,380,190,95,286,143,430,215,646,323,970,485,1456,728,364,182,91,274,137,412,206,103,310,155,466,233,700,350,175,526,263,790,395,1186,593,1780,890,445,1336,668,334,167,502,251,754,377,1132,566,283,850,425,1276,638,319,958,479,1438,719,2158,1079,3238,1619,4858,2429,7288,3644,1822,911,2734,1367,4102,2051,6154,3077,9232,4616,2308,1154,577,1732,866,433,1300,650,325,976,488,244,122,61,184,92,46,23,70,35,106,53,160,80,40,20,10,5,16,8,4,2,1"
314,37,472,"314,157,472,236,118,59,178,89,268,134,67,202,101,304,152,76,38,19,58,29,88,44,22,11,34,17,52,26,13,40,20,10,5,16,8,4,2,1"
315,37,1600,"315,946,473,1420,710,355,1066,533,1600,800,400,200,100,50,25,76,38,19,58,29,88,44,22,11,34,17,52,26,13,40,20,10,5,16,8,4,2,1"
316,37,808,"316,158,79,238,119,358,179,538,269,808,404,202,101,304,152,76,38,19,58,29,88,44,22,11,34,17,52,26,13,40,20,10,5,16,8,4,2,1"
317,37,952,"317,952,476,238,119,358,179,538,269,808,404,202,101,304,152,76,38,19,58,29,88,44,22,11,34,17,52,26,13,40,20,10,5,16,8,4,2,1"
318,55,9232,"318,159,478,239,718,359,1078,539,1618,809,2428,1214,607,1822,911,2734,1367,4102,2051,6154,3077,9232,4616,2308,1154,577,1732,866,433,1300,650,325,976,488,244,122,61,184,92,46,23,70,35,106,53,160,80,40,20,10,5,16,8,4,2,1"
319,55,9232,"319,958,479,1438,719,2158,1079,3238,1619,4858,2429,7288,3644,1822,911,2734,1367,4102,2051,6154,3077,9232,4616,2308,1154,577,1732,866,433,1300,650,325,976,488,244,122,61,184,92,46,23,70,35,106,53,160,80,40,20,10,5,16,8,4,2,1"
320,11,320,"320,160,80,40,20,10,5,16,8,4,2,1"
321,24,964,"321,964,482,241,724,362,181,544,272,136,68,34,17,52,26,13,40,20,10,5,16,8,4,2,1"
322,99,9232,"322,161,484,242,121,364,182,91,274,137,412,206,103,310,155,466,233,700,350,175,526,263,790,395,1186,593,1780,890,445,1336,668,334,167,502,251,754,377,1132,566,283,850,425,1276,638,319,958,479,1438,719,2158,1079,3238,1619,4858,2429,7288,3644,1822,911,2734,1367,4102,2051,6154,3077,9232,4616,2308,1154,577,1732,866,433,1300,650,325,976,488,244,122,61,184,92,46,23,70,35,106,53,160,80,40,20,10,5,16,8,4,2,1"
323,99,9232,"323,970,485,1456,728,364,182,91,274,137,412,206,103,310,155,466,233,700,350,175,526,263,790,395,1186,593,1780,890,445,1336,668,334,167,502,251,754,377,1132,566,283,850,425,1276,638,319,958,479,1438,719,2158,1079,3238,1619,4858,2429,7288,3644,1822,911,2734,1367,4102,2051,6154,3077,9232,4616,2308,1154,577,1732,866,433,1300,650,325,976,488,244,122,61,184,92,46,23,70,35,106,53,160,80,40,20,10,5,16,8,4,2,1"
324,24,324,"324,162,81,244,122,61,184,92,46,23,70,35,106,53,160,80,40,20,10,5,16,8,4,2,1"
325,24,976,"325,976,488,244,122,61,184,92,46,23,70,35,106,53,160,80,40,20,10,5,16,8,4,2,1"
326,24,736,"326,163,490,245,736,368,184,92,46,23,70,35,106,53,160,80,40,20,10,5,16,8,4,2,1"
327,143,9232,"327,982,491,1474,737,2212,1106,553,1660,830,415,1246,623,1870,935,2806,1403,4210,2105,6316,3158,1579,4738,2369,7108,3554,1777,5332,2666,1333,4000,2000,1000,500,250,125,376,188,94,47,142,71,214,107,322,161,484,242,121,364,182,91,274,137,412,206,103,310,155,466,233,700,350,175,526,263,790,395,1186,593,1780,890,445,1336,668,334,167,502,251,754,377,1132,566,283,850,425,1276,638,319,958,479,1438,719,2158,1079,3238,1619,4858,2429,7288,3644,1822,911,2734,1367,4102,2051,6154,3077,9232,4616,2308,1154,577,1732,866,433,1300,650,325,976,488,244,122,61,184,92,46,23,70,35,106,53,160,80,40,20,10,5,16,8,4,2,1"
328,112,9232,"328,164,82,41,124,62,31,94,47,142,71,214,107,322,161,484,242,121,364,182,91,274,137,412,206,103,310,155,466,233,700,350,175,526,263,790,395,1186,593,1780,890,445,1336,668,334,167,502,251,754,377,1132,566,283,850,425,1276,638,319,958,479,1438,719,2158,1079,3238,1619,4858,2429,7288,3644,1822,911,2734,1367,4102,2051,6154,3077,9232,4616,2308,1154,577,1732,866,433,1300,650,325,976,488,244,122,61,184,92,46,23,70,35,106,53,160,80,40,20,10,5,16,8,4,2,1"
329,50,1672,"329,988,494,247,742,371,1114,557,1672,836,418,209,628,314,157,472,236,118,59,178,89,268,134,67,202,101,304,152,76,38,19,58,29,88,44,22,11,34,17,52,26,13,40,20,10,5,16,8,4,2,1"
330,112,9232,"330,165,496,248,124,62,31,94,47,142,71,214,107,322,161,484,242,121,364,182,91,274,137,412,206,103,310,155,466,233,700,350,175,526,263,790,395,1186,593,1780,890,445,1336,668,334,167,502,251,754,377,1132,566,283,850,425,1276,638,319,958,479,1438,719,2158,1079,3238,1619,4858,2429,7288,3644,1822,911,2734,1367,4102,2051,6154,3077,9232,4616,2308,1154,577,1732,866,433,1300,650,325,976,488,244,122,61,184,92,46,23,70,35,106,53,160,80,40,20,10,5,16,8,4,2,1"
331,24,1492,"331,994,497,1492,746,373,1120,560,280,140,70,35,106,53,160,80,40,20,10,5,16,8,4,2,1"
332,112,9232,"332,166,83,250,125,376,188,94,47,142,71,214,107,322,161,484,242,121,364,182,91,274,137,412,206,103,310,155,466,233,700,350,175,526,263,790,395,1186,593,1780,890,445,1336,668,334,167,502,251,754,377,1132,566,283,850,425,1276,638,319,958,479,1438,719,2158,1079,3238,1619,4858,2429,7288,3644,1822,911,2734,1367,4102,2051,6154,3077,9232,4616,2308,1154,577,1732,866,433,1300,650,325,976,488,244,122,61,184,92,46,23,70,35,106,53,160,80,40,20,10,5,16,8,4,2,1"
333,112,9232,"333,1000,500,250,125,376,188,94,47,142,71,214,107,322,161,484,242,121,364,182,91,274,137,412,206,103,310,155,466,233,700,350,175,526,263,790,395,1186,593,1780,890,445,1336,668,334,167,502,251,754,377,1132,566,283,850,425,1276,638,319,958,479,1438,719,2158,1079,3238,1619,4858,2429,7288,3644,1822,911,2734,1367,4102,2051,6154,3077,9232,4616,2308,1154,577,1732,866,433,1300,650,325,976,488,244,122,61,184,92,46,23,70,35,106,53,160,80,40,20,10,5,16,8,4,2,1"
334,68,9232,"334,167,502,251,754,377,1132,566,283,850,425,1276,638,319,958,479,1438,719,2158,1079,3238,1619,4858,2429,7288,3644,1822,911,2734,1367,4102,2051,6154,3077,9232,4616,2308,1154,577,1732,866,433,1300,650,325,976,488,244,122,61,184,92,46,23,70,35,106,53,160,80,40,20,10,5,16,8,4,2,1"
335,68,9232,"335,1006,503,1510,755,2266,1133,3400,1700,850,425,1276,638,319,958,479,1438,719,2158,1079,3238,1619,4858,2429,7288,3644,1822,911,2734,1367,4102,2051,6154,3077,9232,4616,2308,1154,577,1732,866,433,1300,650,325,976,488,244,122,61,184,92,46,23,70,35,106,53,160,80,40,20,10,5,16,8,4,2,1"
336,11,336,"336,168,84,42,21,64,32,16,8,4,2,1"
337,112,9232,"337,1012,506,253,760,380,190,95,286,143,430,215,646,323,970,485,1456,728,364,182,91,274,137,412,206,103,310,155,466,233,700,350,175,526,263,790,395,1186,593,1780,890,445,1336,668,334,167,502,251,754,377,1132,566,283,850,425,1276,638,319,958,479,1438,719,2158,1079,3238,1619,4858,2429,7288,3644,1822,911,2734,1367,4102,2051,6154,3077,9232,4616,2308,1154,577,1732,866,433,1300,650,325,976,488,244,122,61,184,92,46,23,70,35,106,53,160,80,40,20,10,5,16,8,4,2,1"
338,50,4372,"338,169,508,254,127,382,191,574,287,862,431,1294,647,1942,971,2914,1457,4372,2186,1093,3280,1640,820,410,205,616,308,154,77,232,116,58,29,88,44,22,11,34,17,52,26,13,40,20,10,5,16,8,4,2,1"
339,50,4372,"339,1018,509,1528,764,382,191,574,287,862,431,1294,647,1942,971,2914,1457,4372,2186,1093,3280,1640,820,410,205,616,308,154,77,232,116,58,29,88,44,22,11,34,17,52,26,13,40,20,10,5,16,8,4,2,1"
340,11,340,"340,170,85,256,128,64,32,16,8,4,2,1"
341,11,1024,"341,1024,512,256,128,64,32,16,8,4,2,1"
342,125,9232,"342,171,514,257,772,386,193,580,290,145,436,218,109,328,164,82,41,124,62,31,94,47,142,71,214,107,322,161,484,242,121,364,182,91,274,137,412,206,103,310,155,466,233,700,350,175,526,263,790,395,1186,593,1780,890,445,1336,668,334,167,502,251,754,377,1132,566,283,850,425,1276,638,319,958,479,1438,719,2158,1079,3238,1619,4858,2429,7288,3644,1822,911,2734,1367,4102,2051,6154,3077,9232,4616,2308,1154,577,1732,866,433,1300,650,325,976,488,244,122,61,184,92,46,23,70,35,106,53,160,80,40,20,10,5,16,8,4,2,1"
343,125,9232,"343,1030,515,1546,773,2320,1160,580,290,145,436,218,109,328,164,82,41,124,62,31,94,47,142,71,214,107,322,161,484,242,121,364,182,91,274,137,412,206,103,310,155,466,233,700,350,175,526,263,790,395,1186,593,1780,890,445,1336,668,334,167,502,251,754,377,1132,566,283,850,425,1276,638,319,958,479,1438,719,2158,1079,3238,1619,4858,2429,7288,3644,1822,911,2734,1367,4102,2051,6154,3077,9232,4616,2308,1154,577,1732,866,433,1300,650,325,976,488,244,122,61,184,92,46,23,70,35,106,53,160,80,40,20,10,5,16,8,4,2,1"
344,32,344,"344,172,86,43,130,65,196,98,49,148,74,37,112,56,28,14,7,22,11,34,17,52,26,13,40,20,10,5,16,8,4,2,1"
345,125,9232,"345,1036,518,259,778,389,1168,584,292,146,73,220,110,55,166,83,250,125,376,188,94,47,142,71,214,107,322,161,484,242,121,364,182,91,274,137,412,206,103,310,155,466,233,700,350,175,526,263,790,395,1186,593,1780,890,445,1336,668,334,167,502,251,754,377,1132,566,283,850,425,1276,638,319,958,479,1438,719,2158,1079,3238,1619,4858,2429,7288,3644,1822,911,2734,1367,4102,2051,6154,3077,9232,4616,2308,1154,577,1732,866,433,1300,650,325,976,488,244,122,61,184,92,46,23,70,35,106,53,160,80,40,20,10,5,16,8,4,2,1"
346,32,520,"346,173,520,260,130,65,196,98,49,148,74,37,112,56,28,14,7,22,11,34,17,52,26,13,40,20,10,5,16,8,4,2,1"
347,125,9232,"347,1042,521,1564,782,391,1174,587,1762,881,2644,1322,661,1984,992,496,248,124,62,31,94,47,142,71,214,107,322,161,484,242,121,364,182,91,274,137,412,206,103,310,155,466,233,700,350,175,526,263,790,395,1186,593,1780,890,445,1336,668,334,167,502,251,754,377,1132,566,283,850,425,1276,638,319,958,479,1438,719,2158,1079,3238,1619,4858,2429,7288,3644,1822,911,2734,1367,4102,2051,6154,3077,9232,4616,2308,1154,577,1732,866,433,1300,650,325,976,488,244,122,61,184,92,46,23,70,35,106,53,160,80,40,20,10,5,16,8,4,2,1"
348,32,592,"348,174,87,262,131,394,197,592,296,148,74,37,112,56,28,14,7,22,11,34,17,52,26,13,40,20,10,5,16,8,4,2,1"
349,32,1048,"349,1048,524,262,131,394,197,592,296,148,74,37,112,56,28,14,7,22,11,34,17,52,26,13,40,20,10,5,16,8,4,2,1"
350,81,9232,"350,175,526,263,790,395,1186,593,1780,890,445,1336,668,334,167,502,251,754,377,1132,566,283,850,425,1276,638,319,958,479,1438,719,2158,1079,3238,1619,4858,2429,7288,3644,1822,911,2734,1367,4102,2051,6154,3077,9232,4616,2308,1154,577,1732,866,433,1300,650,325,976,488,244,122,61,184,92,46,23,70,35,106,53,160,80,40,20,10,5,16,8,4,2,1"
351,81,9232,"351,1054,527,1582,791,2374,1187,3562,1781,5344,2672,1336,668,334,167,502,251,754,377,1132,566,283,850,425,1276,638,319,958,479,1438,719,2158,1079,3238,1619,4858,2429,7288,3644,1822,911,2734,1367,4102,2051,6154,3077,9232,4616,2308,1154,577,1732,866,433,1300,650,325,976,488,244,122,61,184,92,46,23,70,35,106,53,160,80,40,20,10,5,16,8,4,2,1"
352,19,352,"352,176,88,44,22,11,34,17,52,26,13,40,20,10,5,16,8,4,2,1"
353,125,9232,"353,1060,530,265,796,398,199,598,299,898,449,1348,674,337,1012,506,253,760,380,190,95,286,143,430,215,646,323,970,485,1456,728,364,182,91,274,137,412,206,103,310,155,466,233,700,350,175,526,263,790,395,1186,593,1780,890,445,1336,668,334,167,502,251,754,377,1132,566,283,850,425,1276,638,319,958,479,1438,719,2158,1079,3238,1619,4858,2429,7288,3644,1822,911,2734,1367,4102,2051,6154,3077,9232,4616,2308,1154,577,1732,866,433,1300,650,325,976,488,244,122,61,184,92,46,23,70,35,106,53,160,80,40,20,10,5,16,8,4,2,1"
354,32,532,"354,177,532,266,133,400,200,100,50,25,76,38,19,58,29,88,44,22,11,34,17,52,26,13,40,20,10,5,16,8,4,2,1"
355,32,1600,"355,1066,533,1600,800,400,200,100,50,25,76,38,19,58,29,88,44,22,11,34,17,52,26,13,40,20,10,5,16,8,4,2,1"
356,32,356,"356,178,89,268,134,67,202,101,304,152,76,38,19,58,29,88,44,22,11,34,17,52,26,13,40,20,10,5,16,8,4,2,1"
357,32,1072,"357,1072,536,268,134,67,202,101,304,152,76,38,19,58,29,88,44,22,11,34,17,52,26,13,40,20,10,5,16,8,4,2,1"
358,32,808,"358,179,538,269,808,404,202,101,304,152,76,38,19,58,29,88,44,22,11,34,17,52,26,13,40,20,10,5,16,8,4,2,1"
359,50,9232,"359,1078,539,1618,809,2428,1214,607,1822,911,2734,1367,4102,2051,6154,3077,9232,4616,2308,1154,577,1732,866,433,1300,650,325,976,488,244,122,61,184,92,46,23,70,35,106,53,160,80,40,20,10,5,16,8,4,2,1"
360,19,360,"360,180,90,45,136,68,34,17,52,26,13,40,20,10,5,16,8,4,2,1"
361,45,2752,"361,1084,542,271,814,407,1222,611,1834,917,2752,1376,688,344,172,86,43,130,65,196,98,49,148,74,37,112,56,28,14,7,22,11,34,17,52,26,13,40,20,10,5,16,8,4,2,1"
362,19,544,"362,181,544,272,136,68,34,17,52,26,13,40,20,10,5,16,8,4,2,1"
363,45,1636,"363,1090,545,1636,818,409,1228,614,307,922,461,1384,692,346,173,520,260,130,65,196,98,49,148,74,37,112,56,28,14,7,22,11,34,17,52,26,13,40,20,10,5,16,8,4,2,1"
364,94,9232,"364,182,91,274,137,412,206,103,310,155,466,233,700,350,175,526,263,790,395,1186,593,1780,890,445,1336,668,334,167,502,251,754,377,1132,566,283,850,425,1276,638,319,958,479,1438,719,2158,1079,3238,1619,4858,2429,7288,3644,1822,911,2734,1367,4102,2051,6154,3077,9232,4616,2308,1154,577,1732,866,433,1300,650,325,976,488,244,122,61,184,92,46,23,70,35,106,53,160,80,40,20,10,5,16,8,4,2,1"
365,94,9232,"365,1096,548,274,137,412,206,103,310,155,466,233,700,350,175,526,263,790,395,1186,593,1780,890,445,1336,668,334,167,502,251,754,377,1132,566,283,850,425,1276,638,319,958,479,1438,719,2158,1079,3238,1619,4858,2429,7288,3644,1822,911,2734,1367,4102,2051,6154,3077,9232,4616,2308,1154,577,1732,866,433,1300,650,325,976,488,244,122,61,184,92,46,23,70,35,106,53,160,80,40,20,10,5,16,8,4,2,1"
366,94,9232,"366,183,550,275,826,413,1240,620,310,155,466,233,700,350,175,526,263,790,395,1186,593,1780,890,445,1336,668,334,167,502,251,754,377,1132,566,283,850,425,1276,638,319,958,479,1438,719,2158,1079,3238,1619,4858,2429,7288,3644,1822,911,2734,1367,4102,2051,6154,3077,9232,4616,2308,1154,577,1732,866,433,1300,650,325,976,488,244,122,61,184,92,46,23,70,35,106,53,160,80,40,20,10,5,16,8,4,2,1"
367,45,4192,"367,1102,551,1654,827,2482,1241,3724,1862,931,2794,1397,4192,2096,1048,524,262,131,394,197,592,296,148,74,37,112,56,28,14,7,22,11,34,17,52,26,13,40,20,10,5,16,8,4,2,1"
368,19,368,"368,184,92,46,23,70,35,106,53,160,80,40,20,10,5,16,8,4,2,1"
369,19,1108,"369,1108,554,277,832,416,208,104,52,26,13,40,20,10,5,16,8,4,2,1"
370,45,628,"370,185,556,278,139,418,209,628,314,157,472,236,118,59,178,89,268,134,67,202,101,304,152,76,38,19,58,29,88,44,22,11,34,17,52,26,13,40,20,10,5,16,8,4,2,1"
371,45,1672,"371,1114,557,1672,836,418,209,628,314,157,472,236,118,59,178,89,268,134,67,202,101,304,152,76,38,19,58,29,88,44,22,11,34,17,52,26,13,40,20,10,5,16,8,4,2,1"
372,19,372,"372,186,93,280,140,70,35,106,53,160,80,40,20,10,5,16,8,4,2,1"
373,19,1120,"373,1120,560,280,140,70,35,106,53,160,80,40,20,10,5,16,8,4,2,1"
374,45,952,"374,187,562,281,844,422,211,634,317,952,476,238,119,358,179,538,269,808,404,202,101,304,152,76,38,19,58,29,88,44,22,11,34,17,52,26,13,40,20,10,5,16,8,4,2,1"
375,45,2536,"375,1126,563,1690,845,2536,1268,634,317,952,476,238,119,358,179,538,269,808,404,202,101,304,152,76,38,19,58,29,88,44,22,11,34,17,52,26,13,40,20,10,5,16,8,4,2,1"
376,107,9232,"376,188,94,47,142,71,214,107,322,161,484,242,121,364,182,91,274,137,412,206,103,310,155,466,233,700,350,175,526,263,790,395,1186,593,1780,890,445,1336,668,334,167,502,251,754,377,1132,566,283,850,425,1276,638,319,958,479,1438,719,2158,1079,3238,1619,4858,2429,7288,3644,1822,911,2734,1367,4102,2051,6154,3077,9232,4616,2308,1154,577,1732,866,433,1300,650,325,976,488,244,122,61,184,92,46,23,70,35,106,53,160,80,40,20,10,5,16,8,4,2,1"
377,63,9232,"377,1132,566,283,850,425,1276,638,319,958,479,1438,719,2158,1079,3238,1619,4858,2429,7288,3644,1822,911,2734,1367,4102,2051,6154,3077,9232,4616,2308,1154,577,1732,866,433,1300,650,325,976,488,244,122,61,184,92,46,23,70,35,106,53,160,80,40,20,10,5,16,8,4,2,1"
378,107,9232,"378,189,568,284,142,71,214,107,322,161,484,242,121,364,182,91,274,137,412,206,103,310,155,466,233,700,350,175,526,263,790,395,1186,593,1780,890,445,1336,668,334,167,502,251,754,377,1132,566,283,850,425,1276,638,319,958,479,1438,719,2158,1079,3238,1619,4858,2429,7288,3644,1822,911,2734,1367,4102,2051,6154,3077,9232,4616,2308,1154,577,1732,866,433,1300,650,325,976,488,244,122,61,184,92,46,23,70,35,106,53,160,80,40,20,10,5,16,8,4,2,1"
379,58,2752,"379,1138,569,1708,854,427,1282,641,1924,962,481,1444,722,361,1084,542,271,814,407,1222,611,1834,917,2752,1376,688,344,172,86,43,130,65,196,98,49,148,74,37,112,56,28,14,7,22,11,34,17,52,26,13,40,20,10,5,16,8,4,2,1"
380,107,9232,"380,190,95,286,143,430,215,646,323,970,485,1456,728,364,182,91,274,137,412,206,103,310,155,466,233,700,350,175,526,263,790,395,1186,593,1780,890,445,1336,668,334,167,502,251,754,377,1132,566,283,850,425,1276,638,319,958,479,1438,719,2158,1079,3238,1619,4858,2429,7288,3644,1822,911,2734,1367,4102,2051,6154,3077,9232,4616,2308,1154,577,1732,866,433,1300,650,325,976,488,244,122,61,184,92,46,23,70,35,106,53,160,80,40,20,10,5,16,8,4,2,1"
381,107,9232,"381,1144,572,286,143,430,215,646,323,970,485,1456,728,364,182,91,274,137,412,206,103,310,155,466,233,700,350,175,526,263,790,395,1186,593,1780,890,445,1336,668,334,167,502,251,754,377,1132,566,283,850,425,1276,638,319,958,479,1438,719,2158,1079,3238,1619,4858,2429,7288,3644,1822,911,2734,1367,4102,2051,6154,3077,9232,4616,2308,1154,577,1732,866,433,1300,650,325,976,488,244,122,61,184,92,46,23,70,35,106,53,160,80,40,20,10,5,16,8,4,2,1"
382,45,4372,"382,191,574,287,862,431,1294,647,1942,971,2914,1457,4372,2186,1093,3280,1640,820,410,205,616,308,154,77,232,116,58,29,88,44,22,11,34,17,52,26,13,40,20,10,5,16,8,4,2,1"
383,45,13120,"383,1150,575,1726,863,2590,1295,3886,1943,5830,2915,8746,4373,13120,6560,3280,1640,820,410,205,616,308,154,77,232,116,58,29,88,44,22,11,34,17,52,26,13,40,20,10,5,16,8,4,2,1"
384,14,384,"384,192,96,48,24,12,6,3,10,5,16,8,4,2,1"
385,32,1156,"385,1156,578,289,868,434,217,652,326,163,490,245,736,368,184,92,46,23,70,35,106,53,160,80,40,20,10,5,16,8,4,2,1"
386,120,9232,"386,193,580,290,145,436,218,109,328,164,82,41,124,62,31,94,47,142,71,214,107,322,161,484,242,121,364,182,91,274,137,412,206,103,310,155,466,233,700,350,175,526,263,790,395,1186,593,1780,890,445,1336,668,334,167,502,251,754,377,1132,566,283,850,425,1276,638,319,958,479,1438,719,2158,1079,3238,1619,4858,2429,7288,3644,1822,911,2734,1367,4102,2051,6154,3077,9232,4616,2308,1154,577,1732,866,433,1300,650,325,976,488,244,122,61,184,92,46,23,70,35,106,53,160,80,40,20,10,5,16,8,4,2,1"
387,120,9232,"387,1162,581,1744,872,436,218,109,328,164,82,41,124,62,31,94,47,142,71,214,107,322,161,484,242,121,364,182,91,274,137,412,206,103,310,155,466,233,700,350,175,526,263,790,395,1186,593,1780,890,445,1336,668,334,167,502,251,754,377,1132,566,283,850,425,1276,638,319,958,479,1438,719,2158,1079,3238,1619,4858,2429,7288,3644,1822,911,2734,1367,4102,2051,6154,3077,9232,4616,2308,1154,577,1732,866,433,1300,650,325,976,488,244,122,61,184,92,46,23,70,35,106,53,160,80,40,20,10,5,16,8,4,2,1"
388,120,9232,"388,194,97,292,146,73,220,110,55,166,83,250,125,376,188,94,47,142,71,214,107,322,161,484,242,121,364,182,91,274,137,412,206,103,310,155,466,233,700,350,175,526,263,790,395,1186,593,1780,890,445,1336,668,334,167,502,251,754,377,1132,566,283,850,425,1276,638,319,958,479,1438,719,2158,1079,3238,1619,4858,2429,7288,3644,1822,911,2734,1367,4102,2051,6154,3077,9232,4616,2308,1154,577,1732,866,433,1300,650,325,976,488,244,122,61,184,92,46,23,70,35,106,53,160,80,40,20,10,5,16,8,4,2,1"
389,120,9232,"389,1168,584,292,146,73,220,110,55,166,83,250,125,376,188,94,47,142,71,214,107,322,161,484,242,121,364,182,91,274,137,412,206,103,310,155,466,233,700,350,175,526,263,790,395,1186,593,1780,890,445,1336,668,334,167,502,251,754,377,1132,566,283,850,425,1276,638,319,958,479,1438,719,2158,1079,3238,1619,4858,2429,7288,3644,1822,911,2734,1367,4102,2051,6154,3077,9232,4616,2308,1154,577,1732,866,433,1300,650,325,976,488,244,122,61,184,92,46,23,70,35,106,53,160,80,40,20,10,5,16,8,4,2,1"
390,120,9232,"390,195,586,293,880,440,220,110,55,166,83,250,125,376,188,94,47,142,71,214,107,322,161,484,242,121,364,182,91,274,137,412,206,103,310,155,466,233,700,350,175,526,263,790,395,1186,593,1780,890,445,1336,668,334,167,502,251,754,377,1132,566,283,850,425,1276,638,319,958,479,1438,719,2158,1079,3238,1619,4858,2429,7288,3644,1822,911,2734,1367,4102,2051,6154,3077,9232,4616,2308,1154,577,1732,866,433,1300,650,325,976,488,244,122,61,184,92,46,23,70,35,106,53,160,80,40,20,10,5,16,8,4,2,1"
391,120,9232,"391,1174,587,1762,881,2644,1322,661,1984,992,496,248,124,62,31,94,47,142,71,214,107,322,161,484,242,121,364,182,91,274,137,412,206,103,310,155,466,233,700,350,175,526,263,790,395,1186,593,1780,890,445,1336,668,334,167,502,251,754,377,1132,566,283,850,425,1276,638,319,958,479,1438,719,2158,1079,3238,1619,4858,2429,7288,3644,1822,911,2734,1367,4102,2051,6154,3077,9232,4616,2308,1154,577,1732,866,433,1300,650,325,976,488,244,122,61,184,92,46,23,70,35,106,53,160,80,40,20,10,5,16,8,4,2,1"
392,27,392,"392,196,98,49,148,74,37,112,56,28,14,7,22,11,34,17,52,26,13,40,20,10,5,16,8,4,2,1"
393,58,2248,"393,1180,590,295,886,443,1330,665,1996,998,499,1498,749,2248,1124,562,281,844,422,211,634,317,952,476,238,119,358,179,538,269,808,404,202,101,304,152,76,38,19,58,29,88,44,22,11,34,17,52,26,13,40,20,10,5,16,8,4,2,1"
394,27,592,"394,197,592,296,148,74,37,112,56,28,14,7,22,11,34,17,52,26,13,40,20,10,5,16,8,4,2,1"
395,76,9232,"395,1186,593,1780,890,445,1336,668,334,167,502,251,754,377,1132,566,283,850,425,1276,638,319,958,479,1438,719,2158,1079,3238,1619,4858,2429,7288,3644,1822,911,2734,1367,4102,2051,6154,3077,9232,4616,2308,1154,577,1732,866,433,1300,650,325,976,488,244,122,61,184,92,46,23,70,35,106,53,160,80,40,20,10,5,16,8,4,2,1"
396,27,448,"396,198,99,298,149,448,224,112,56,28,14,7,22,11,34,17,52,26,13,40,20,10,5,16,8,4,2,1"
397,27,1192,"397,1192,596,298,149,448,224,112,56,28,14,7,22,11,34,17,52,26,13,40,20,10,5,16,8,4,2,1"
398,120,9232,"398,199,598,299,898,449,1348,674,337,1012,506,253,760,380,190,95,286,143,430,215,646,323,970,485,1456,728,364,182,91,274,137,412,206,103,310,155,466,233,700,350,175,526,263,790,395,1186,593,1780,890,445,1336,668,334,167,502,251,754,377,1132,566,283,850,425,1276,638,319,958,479,1438,719,2158,1079,3238,1619,4858,2429,7288,3644,1822,911,2734,1367,4102,2051,6154,3077,9232,4616,2308,1154,577,1732,866,433,1300,650,325,976,488,244,122,61,184,92,46,23,70,35,106,53,160,80,40,20,10,5,16,8,4,2,1"
399,120,9232,"399,1198,599,1798,899,2698,1349,4048,2024,1012,506,253,760,380,190,95,286,143,430,215,646,323,970,485,1456,728,364,182,91,274,137,412,206,103,310,155,466,233,700,350,175,526,263,790,395,1186,593,1780,890,445,1336,668,334,167,502,251,754,377,1132,566,283,850,425,1276,638,319,958,479,1438,719,2158,1079,3238,1619,4858,2429,7288,3644,1822,911,2734,1367,4102,2051,6154,3077,9232,4616,2308,1154,577,1732,866,433,1300,650,325,976,488,244,122,61,184,92,46,23,70,35,106,53,160,80,40,20,10,5,16,8,4,2,1"
400,27,400,"400,200,100,50,25,76,38,19,58,29,88,44,22,11,34,17,52,26,13,40,20,10,5,16,8,4,2,1"
401,19,1204,"401,1204,602,301,904,452,226,113,340,170,85,256,128,64,32,16,8,4,2,1"
402,19,1024,"402,201,604,302,151,454,227,682,341,1024,512,256,128,64,32,16,8,4,2,1"
403,19,1816,"403,1210,605,1816,908,454,227,682,341,1024,512,256,128,64,32,16,8,4,2,1"
404,27,404,"404,202,101,304,152,76,38,19,58,29,88,44,22,11,34,17,52,26,13,40,20,10,5,16,8,4,2,1"
405,27,1216,"405,1216,608,304,152,76,38,19,58,29,88,44,22,11,34,17,52,26,13,40,20,10,5,16,8,4,2,1"
406,40,916,"406,203,610,305,916,458,229,688,344,172,86,43,130,65,196,98,49,148,74,37,112,56,28,14,7,22,11,34,17,52,26,13,40,20,10,5,16,8,4,2,1"
407,40,2752,"407,1222,611,1834,917,2752,1376,688,344,172,86,43,130,65,196,98,49,148,74,37,112,56,28,14,7,22,11,34,17,52,26,13,40,20,10,5,16,8,4,2,1"
408,27,408,"408,204,102,51,154,77,232,116,58,29,88,44,22,11,34,17,52,26,13,40,20,10,5,16,8,4,2,1"
409,40,1384,"409,1228,614,307,922,461,1384,692,346,173,520,260,130,65,196,98,49,148,74,37,112,56,28,14,7,22,11,34,17,52,26,13,40,20,10,5,16,8,4,2,1"
410,27,616,"410,205,616,308,154,77,232,116,58,29,88,44,22,11,34,17,52,26,13,40,20,10,5,16,8,4,2,1"
411,133,9232,"411,1234,617,1852,926,463,1390,695,2086,1043,3130,1565,4696,2348,1174,587,1762,881,2644,1322,661,1984,992,496,248,124,62,31,94,47,142,71,214,107,322,161,484,242,121,364,182,91,274,137,412,206,103,310,155,466,233,700,350,175,526,263,790,395,1186,593,1780,890,445,1336,668,334,167,502,251,754,377,1132,566,283,850,425,1276,638,319,958,479,1438,719,2158,1079,3238,1619,4858,2429,7288,3644,1822,911,2734,1367,4102,2051,6154,3077,9232,4616,2308,1154,577,1732,866,433,1300,650,325,976,488,244,122,61,184,92,46,23,70,35,106,53,160,80,40,20,10,5,16,8,4,2,1"
412,89,9232,"412,206,103,310,155,466,233,700,350,175,526,263,790,395,1186,593,1780,890,445,1336,668,334,167,502,251,754,377,1132,566,283,850,425,1276,638,319,958,479,1438,719,2158,1079,3238,1619,4858,2429,7288,3644,1822,911,2734,1367,4102,2051,6154,3077,9232,4616,2308,1154,577,1732,866,433,1300,650,325,976,488,244,122,61,184,92,46,23,70,35,106,53,160,80,40,20,10,5,16,8,4,2,1"
413,89,9232,"413,1240,620,310,155,466,233,700,350,175,526,263,790,395,1186,593,1780,890,445,1336,668,334,167,502,251,754,377,1132,566,283,850,425,1276,638,319,958,479,1438,719,2158,1079,3238,1619,4858,2429,7288,3644,1822,911,2734,1367,4102,2051,6154,3077,9232,4616,2308,1154,577,1732,866,433,1300,650,325,976,488,244,122,61,184,92,46,23,70,35,106,53,160,80,40,20,10,5,16,8,4,2,1"
414,89,9232,"414,207,622,311,934,467,1402,701,2104,1052,526,263,790,395,1186,593,1780,890,445,1336,668,334,167,502,251,754,377,1132,566,283,850,425,1276,638,319,958,479,1438,719,2158,1079,3238,1619,4858,2429,7288,3644,1822,911,2734,1367,4102,2051,6154,3077,9232,4616,2308,1154,577,1732,866,433,1300,650,325,976,488,244,122,61,184,92,46,23,70,35,106,53,160,80,40,20,10,5,16,8,4,2,1"
415,133,9232,"415,1246,623,1870,935,2806,1403,4210,2105,6316,3158,1579,4738,2369,7108,3554,1777,5332,2666,1333,4000,2000,1000,500,250,125,376,188,94,47,142,71,214,107,322,161,484,242,121,364,182,91,274,137,412,206,103,310,155,466,233,700,350,175,526,263,790,395,1186,593,1780,890,445,1336,668,334,167,502,251,754,377,1132,566,283,850,425,1276,638,319,958,479,1438,719,2158,1079,3238,1619,4858,2429,7288,3644,1822,911,2734,1367,4102,2051,6154,3077,9232,4616,2308,1154,577,1732,866,433,1300,650,325,976,488,244,122,61,184,92,46,23,70,35,106,53,160,80,40,20,10,5,16,8,4,2,1"
416,14,416,"416,208,104,52,26,13,40,20,10,5,16,8,4,2,1"
417,133,9232,"417,1252,626,313,940,470,235,706,353,1060,530,265,796,398,199,598,299,898,449,1348,674,337,1012,506,253,760,380,190,95,286,143,430,215,646,323,970,485,1456,728,364,182,91,274,137,412,206,103,310,155,466,233,700,350,175,526,263,790,395,1186,593,1780,890,445,1336,668,334,167,502,251,754,377,1132,566,283,850,425,1276,638,319,958,479,1438,719,2158,1079,3238,1619,4858,2429,7288,3644,1822,911,2734,1367,4102,2051,6154,3077,9232,4616,2308,1154,577,1732,866,433,1300,650,325,976,488,244,122,61,184,92,46,23,70,35,106,53,160,80,40,20,10,5,16,8,4,2,1"
418,40,628,"418,209,628,314,157,472,236,118,59,178,89,268,134,67,202,101,304,152,76,38,19,58,29,88,44,22,11,34,17,52,26,13,40,20,10,5,16,8,4,2,1"
419,40,1888,"419,1258,629,1888,944,472,236,118,59,178,89,268,134,67,202,101,304,152,76,38,19,58,29,88,44,22,11,34,17,52,26,13,40,20,10,5,16,8,4,2,1"
420,40,808,"420,210,105,316,158,79,238,119,358,179,538,269,808,404,202,101,304,152,76,38,19,58,29,88,44,22,11,34,17,52,26,13,40,20,10,5,16,8,4,2,1"
421,40,1264,"421,1264,632,316,158,79,238,119,358,179,538,269,808,404,202,101,304,152,76,38,19,58,29,88,44,22,11,34,17,52,26,13,40,20,10,5,16,8,4,2,1"
422,40,952,"422,211,634,317,952,476,238,119,358,179,538,269,808,404,202,101,304,152,76,38,19,58,29,88,44,22,11,34,17,52,26,13,40,20,10,5,16,8,4,2,1"
423,32,3220,"423,1270,635,1906,953,2860,1430,715,2146,1073,3220,1610,805,2416,1208,604,302,151,454,227,682,341,1024,512,256,128,64,32,16,8,4,2,1"
424,14,424,"424,212,106,53,160,80,40,20,10,5,16,8,4,2,1"
425,58,9232,"425,1276,638,319,958,479,1438,719,2158,1079,3238,1619,4858,2429,7288,3644,1822,911,2734,1367,4102,2051,6154,3077,9232,4616,2308,1154,577,1732,866,433,1300,650,325,976,488,244,122,61,184,92,46,23,70,35,106,53,160,80,40,20,10,5,16,8,4,2,1"
426,14,640,"426,213,640,320,160,80,40,20,10,5,16,8,4,2,1"
427,53,2752,"427,1282,641,1924,962,481,1444,722,361,1084,542,271,814,407,1222,611,1834,917,2752,1376,688,344,172,86,43,130,65,196,98,49,148,74,37,112,56,28,14,7,22,11,34,17,52,26,13,40,20,10,5,16,8,4,2,1"
428,102,9232,"428,214,107,322,161,484,242,121,364,182,91,274,137,412,206,103,310,155,466,233,700,350,175,526,263,790,395,1186,593,1780,890,445,1336,668,334,167,502,251,754,377,1132,566,283,850,425,1276,638,319,958,479,1438,719,2158,1079,3238,1619,4858,2429,7288,3644,1822,911,2734,1367,4102,2051,6154,3077,9232,4616,2308,1154,577,1732,866,433,1300,650,325,976,488,244,122,61,184,92,46,23,70,35,106,53,160,80,40,20,10,5,16,8,4,2,1"
429,102,9232,"429,1288,644,322,161,484,242,121,364,182,91,274,137,412,206,103,310,155,466,233,700,350,175,526,263,790,395,1186,593,1780,890,445,1336,668,334,167,502,251,754,377,1132,566,283,850,425,1276,638,319,958,479,1438,719,2158,1079,3238,1619,4858,2429,7288,3644,1822,911,2734,1367,4102,2051,6154,3077,9232,4616,2308,1154,577,1732,866,433,1300,650,325,976,488,244,122,61,184,92,46,23,70,35,106,53,160,80,40,20,10,5,16,8,4,2,1"
430,102,9232,"430,215,646,323,970,485,1456,728,364,182,91,274,137,412,206,103,310,155,466,233,700,350,175,526,263,790,395,1186,593,1780,890,445,1336,668,334,167,502,251,754,377,1132,566,283,850,425,1276,638,319,958,479,1438,719,2158,1079,3238,1619,4858,2429,7288,3644,1822,911,2734,1367,4102,2051,6154,3077,9232,4616,2308,1154,577,1732,866,433,1300,650,325,976,488,244,122,61,184,92,46,23,70,35,106,53,160,80,40,20,10,5,16,8,4,2,1"
431,40,4372,"431,1294,647,1942,971,2914,1457,4372,2186,1093,3280,1640,820,410,205,616,308,154,77,232,116,58,29,88,44,22,11,34,17,52,26,13,40,20,10,5,16,8,4,2,1"
432,115,9232,"432,216,108,54,27,82,41,124,62,31,94,47,142,71,214,107,322,161,484,242,121,364,182,91,274,137,412,206,103,310,155,466,233,700,350,175,526,263,790,395,1186,593,1780,890,445,1336,668,334,167,502,251,754,377,1132,566,283,850,425,1276,638,319,958,479,1438,719,2158,1079,3238,1619,4858,2429,7288,3644,1822,911,2734,1367,4102,2051,6154,3077,9232,4616,2308,1154,577,1732,866,433,1300,650,325,976,488,244,122,61,184,92,46,23,70,35,106,53,160,80,40,20,10,5,16,8,4,2,1"
433,27,1300,"433,1300,650,325,976,488,244,122,61,184,92,46,23,70,35,106,53,160,80,40,20,10,5,16,8,4,2,1"
434,27,736,"434,217,652,326,163,490,245,736,368,184,92,46,23,70,35,106,53,160,80,40,20,10,5,16,8,4,2,1"
435,27,1960,"435,1306,653,1960,980,490,245,736,368,184,92,46,23,70,35,106,53,160,80,40,20,10,5,16,8,4,2,1"
436,115,9232,"436,218,109,328,164,82,41,124,62,31,94,47,142,71,214,107,322,161,484,242,121,364,182,91,274,137,412,206,103,310,155,466,233,700,350,175,526,263,790,395,1186,593,1780,890,445,1336,668,334,167,502,251,754,377,1132,566,283,850,425,1276,638,319,958,479,1438,719,2158,1079,3238,1619,4858,2429,7288,3644,1822,911,2734,1367,4102,2051,6154,3077,9232,4616,2308,1154,577,1732,866,433,1300,650,325,976,488,244,122,61,184,92,46,23,70,35,106,53,160,80,40,20,10,5,16,8,4,2,1"
437,115,9232,"437,1312,656,328,164,82,41,124,62,31,94,47,142,71,214,107,322,161,484,242,121,364,182,91,274,137,412,206,103,310,155,466,233,700,350,175,526,263,790,395,1186,593,1780,890,445,1336,668,334,167,502,251,754,377,1132,566,283,850,425,1276,638,319,958,479,1438,719,2158,1079,3238,1619,4858,2429,7288,3644,1822,911,2734,1367,4102,2051,6154,3077,9232,4616,2308,1154,577,1732,866,433,1300,650,325,976,488,244,122,61,184,92,46,23,70,35,106,53,160,80,40,20,10,5,16,8,4,2,1"
438,53,1672,"438,219,658,329,988,494,247,742,371,1114,557,1672,836,418,209,628,314,157,472,236,118,59,178,89,268,134,67,202,101,304,152,76,38,19,58,29,88,44,22,11,34,17,52,26,13,40,20,10,5,16,8,4,2,1"
439,53,2968,"439,1318,659,1978,989,2968,1484,742,371,1114,557,1672,836,418,209,628,314,157,472,236,118,59,178,89,268,134,67,202,101,304,152,76,38,19,58,29,88,44,22,11,34,17,52,26,13,40,20,10,5,16,8,4,2,1"
440,115,9232,"440,220,110,55,166,83,250,125,376,188,94,47,142,71,214,107,322,161,484,242,121,364,182,91,274,137,412,206,103,310,155,466,233,700,350,175,526,263,790,395,1186,593,1780,890,445,1336,668,334,167,502,251,754,377,1132,566,283,850,425,1276,638,319,958,479,1438,719,2158,1079,3238,1619,4858,2429,7288,3644,1822,911,2734,1367,4102,2051,6154,3077,9232,4616,2308,1154,577,1732,866,433,1300,650,325,976,488,244,122,61,184,92,46,23,70,35,106,53,160,80,40,20,10,5,16,8,4,2,1"
441,27,1492,"441,1324,662,331,994,497,1492,746,373,1120,560,280,140,70,35,106,53,160,80,40,20,10,5,16,8,4,2,1"
442,115,9232,"442,221,664,332,166,83,250,125,376,188,94,47,142,71,214,107,322,161,484,242,121,364,182,91,274,137,412,206,103,310,155,466,233,700,350,175,526,263,790,395,1186,593,1780,890,445,1336,668,334,167,502,251,754,377,1132,566,283,850,425,1276,638,319,958,479,1438,719,2158,1079,3238,1619,4858,2429,7288,3644,1822,911,2734,1367,4102,2051,6154,3077,9232,4616,2308,1154,577,1732,866,433,1300,650,325,976,488,244,122,61,184,92,46,23,70,35,106,53,160,80,40,20,10,5,16,8,4,2,1"
443,53,2248,"443,1330,665,1996,998,499,1498,749,2248,1124,562,281,844,422,211,634,317,952,476,238,119,358,179,538,269,808,404,202,101,304,152,76,38,19,58,29,88,44,22,11,34,17,52,26,13,40,20,10,5,16,8,4,2,1"
444,71,9232,"444,222,111,334,167,502,251,754,377,1132,566,283,850,425,1276,638,319,958,479,1438,719,2158,1079,3238,1619,4858,2429,7288,3644,1822,911,2734,1367,4102,2051,6154,3077,9232,4616,2308,1154,577,1732,866,433,1300,650,325,976,488,244,122,61,184,92,46,23,70,35,106,53,160,80,40,20,10,5,16,8,4,2,1"
445,71,9232,"445,1336,668,334,167,502,251,754,377,1132,566,283,850,425,1276,638,319,958,479,1438,719,2158,1079,3238,1619,4858,2429,7288,3644,1822,911,2734,1367,4102,2051,6154,3077,9232,4616,2308,1154,577,1732,866,433,1300,650,325,976,488,244,122,61,184,92,46,23,70,35,106,53,160,80,40,20,10,5,16,8,4,2,1"
446,71,9232,"446,223,670,335,1006,503,1510,755,2266,1133,3400,1700,850,425,1276,638,319,958,479,1438,719,2158,1079,3238,1619,4858,2429,7288,3644,1822,911,2734,1367,4102,2051,6154,3077,9232,4616,2308,1154,577,1732,866,433,1300,650,325,976,488,244,122,61,184,92,46,23,70,35,106,53,160,80,40,20,10,5,16,8,4,2,1"
447,97,39364,"447,1342,671,2014,1007,3022,1511,4534,2267,6802,3401,10204,5102,2551,7654,3827,11482,5741,17224,8612,4306,2153,6460,3230,1615,4846,2423,7270,3635,10906,5453,16360,8180,4090,2045,6136,3068,1534,767,2302,1151,3454,1727,5182,2591,7774,3887,11662,5831,17494,8747,26242,13121,39364,19682,9841,29524,14762,7381,22144,11072,5536,2768,1384,692,346,173,520,260,130,65,196,98,49,148,74,37,112,56,28,14,7,22,11,34,17,52,26,13,40,20,10,5,16,8,4,2,1"
448,22,448,"448,224,112,56,28,14,7,22,11,34,17,52,26,13,40,20,10,5,16,8,4,2,1"
449,115,9232,"449,1348,674,337,1012,506,253,760,380,190,95,286,143,430,215,646,323,970,485,1456,728,364,182,91,274,137,412,206,103,310,155,466,233,700,350,175,526,263,790,395,1186,593,1780,890,445,1336,668,334,167,502,251,754,377,1132,566,283,850,425,1276,638,319,958,479,1438,719,2158,1079,3238,1619,4858,2429,7288,3644,1822,911,2734,1367,4102,2051,6154,3077,9232,4616,2308,1154,577,1732,866,433,1300,650,325,976,488,244,122,61,184,92,46,23,70,35,106,53,160,80,40,20,10,5,16,8,4,2,1"
450,53,4372,"450,225,676,338,169,508,254,127,382,191,574,287,862,431,1294,647,1942,971,2914,1457,4372,2186,1093,3280,1640,820,410,205,616,308,154,77,232,116,58,29,88,44,22,11,34,17,52,26,13,40,20,10,5,16,8,4,2,1"
451,53,4372,"451,1354,677,2032,1016,508,254,127,382,191,574,287,862,431,1294,647,1942,971,2914,1457,4372,2186,1093,3280,1640,820,410,205,616,308,154,77,232,116,58,29,88,44,22,11,34,17,52,26,13,40,20,10,5,16,8,4,2,1"
452,14,452,"452,226,113,340,170,85,256,128,64,32,16,8,4,2,1"
453,14,1360,"453,1360,680,340,170,85,256,128,64,32,16,8,4,2,1"
454,14,1024,"454,227,682,341,1024,512,256,128,64,32,16,8,4,2,1"
455,40,3076,"455,1366,683,2050,1025,3076,1538,769,2308,1154,577,1732,866,433,1300,650,325,976,488,244,122,61,184,92,46,23,70,35,106,53,160,80,40,20,10,5,16,8,4,2,1"
456,35,456,"456,228,114,57,172,86,43,130,65,196,98,49,148,74,37,112,56,28,14,7,22,11,34,17,52,26,13,40,20,10,5,16,8,4,2,1"
457,128,9232,"457,1372,686,343,1030,515,1546,773,2320,1160,580,290,145,436,218,109,328,164,82,41,124,62,31,94,47,142,71,214,107,322,161,484,242,121,364,182,91,274,137,412,206,103,310,155,466,233,700,350,175,526,263,790,395,1186,593,1780,890,445,1336,668,334,167,502,251,754,377,1132,566,283,850,425,1276,638,319,958,479,1438,719,2158,1079,3238,1619,4858,2429,7288,3644,1822,911,2734,1367,4102,2051,6154,3077,9232,4616,2308,1154,577,1732,866,433,1300,650,325,976,488,244,122,61,184,92,46,23,70,35,106,53,160,80,40,20,10,5,16,8,4,2,1"
458,35,688,"458,229,688,344,172,86,43,130,65,196,98,49,148,74,37,112,56,28,14,7,22,11,34,17,52,26,13,40,20,10,5,16,8,4,2,1"
459,128,9232,"459,1378,689,2068,1034,517,1552,776,388,194,97,292,146,73,220,110,55,166,83,250,125,376,188,94,47,142,71,214,107,322,161,484,242,121,364,182,91,274,137,412,206,103,310,155,466,233,700,350,175,526,263,790,395,1186,593,1780,890,445,1336,668,334,167,502,251,754,377,1132,566,283,850,425,1276,638,319,958,479,1438,719,2158,1079,3238,1619,4858,2429,7288,3644,1822,911,2734,1367,4102,2051,6154,3077,9232,4616,2308,1154,577,1732,866,433,1300,650,325,976,488,244,122,61,184,92,46,23,70,35,106,53,160,80,40,20,10,5,16,8,4,2,1"
460,35,520,"460,230,115,346,173,520,260,130,65,196,98,49,148,74,37,112,56,28,14,7,22,11,34,17,52,26,13,40,20,10,5,16,8,4,2,1"
461,35,1384,"461,1384,692,346,173,520,260,130,65,196,98,49,148,74,37,112,56,28,14,7,22,11,34,17,52,26,13,40,20,10,5,16,8,4,2,1"
462,128,9232,"462,231,694,347,1042,521,1564,782,391,1174,587,1762,881,2644,1322,661,1984,992,496,248,124,62,31,94,47,142,71,214,107,322,161,484,242,121,364,182,91,274,137,412,206,103,310,155,466,233,700,350,175,526,263,790,395,1186,593,1780,890,445,1336,668,334,167,502,251,754,377,1132,566,283,850,425,1276,638,319,958,479,1438,719,2158,1079,3238,1619,4858,2429,7288,3644,1822,911,2734,1367,4102,2051,6154,3077,9232,4616,2308,1154,577,1732,866,433,1300,650,325,976,488,244,122,61,184,92,46,23,70,35,106,53,160,80,40,20,10,5,16,8,4,2,1"
463,128,9232,"463,1390,695,2086,1043,3130,1565,4696,2348,1174,587,1762,881,2644,1322,661,1984,992,496,248,124,62,31,94,47,142,71,214,107,322,161,484,242,121,364,182,91,274,137,412,206,103,310,155,466,233,700,350,175,526,263,790,395,1186,593,1780,890,445,1336,668,334,167,502,251,754,377,1132,566,283,850,425,1276,638,319,958,479,1438,719,2158,1079,3238,1619,4858,2429,7288,3644,1822,911,2734,1367,4102,2051,6154,3077,9232,4616,2308,1154,577,1732,866,433,1300,650,325,976,488,244,122,61,184,92,46,23,70,35,106,53,160,80,40,20,10,5,16,8,4,2,1"
464,22,464,"464,232,116,58,29,88,44,22,11,34,17,52,26,13,40,20,10,5,16,8,4,2,1"
465,35,1396,"465,1396,698,349,1048,524,262,131,394,197,592,296,148,74,37,112,56,28,14,7,22,11,34,17,52,26,13,40,20,10,5,16,8,4,2,1"
466,84,9232,"466,233,700,350,175,526,263,790,395,1186,593,1780,890,445,1336,668,334,167,502,251,754,377,1132,566,283,850,425,1276,638,319,958,479,1438,719,2158,1079,3238,1619,4858,2429,7288,3644,1822,911,2734,1367,4102,2051,6154,3077,9232,4616,2308,1154,577,1732,866,433,1300,650,325,976,488,244,122,61,184,92,46,23,70,35,106,53,160,80,40,20,10,5,16,8,4,2,1"
467,84,9232,"467,1402,701,2104,1052,526,263,790,395,1186,593,1780,890,445,1336,668,334,167,502,251,754,377,1132,566,283,850,425,1276,638,319,958,479,1438,719,2158,1079,3238,1619,4858,2429,7288,3644,1822,911,2734,1367,4102,2051,6154,3077,9232,4616,2308,1154,577,1732,866,433,1300,650,325,976,488,244,122,61,184,92,46,23,70,35,106,53,160,80,40,20,10,5,16,8,4,2,1"
468,22,468,"468,234,117,352,176,88,44,22,11,34,17,52,26,13,40,20,10,5,16,8,4,2,1"
469,22,1408,"469,1408,704,352,176,88,44,22,11,34,17,52,26,13,40,20,10,5,16,8,4,2,1"
470,128,9232,"470,235,706,353,1060,530,265,796,398,199,598,299,898,449,1348,674,337,1012,506,253,760,380,190,95,286,143,430,215,646,323,970,485,1456,728,364,182,91,274,137,412,206,103,310,155,466,233,700,350,175,526,263,790,395,1186,593,1780,890,445,1336,668,334,167,502,251,754,377,1132,566,283,850,425,1276,638,319,958,479,1438,719,2158,1079,3238,1619,4858,2429,7288,3644,1822,911,2734,1367,4102,2051,6154,3077,9232,4616,2308,1154,577,1732,866,433,1300,650,325,976,488,244,122,61,184,92,46,23,70,35,106,53,160,80,40,20,10,5,16,8,4,2,1"
471,128,9232,"471,1414,707,2122,1061,3184,1592,796,398,199,598,299,898,449,1348,674,337,1012,506,253,760,380,190,95,286,143,430,215,646,323,970,485,1456,728,364,182,91,274,137,412,206,103,310,155,466,233,700,350,175,526,263,790,395,1186,593,1780,890,445,1336,668,334,167,502,251,754,377,1132,566,283,850,425,1276,638,319,958,479,1438,719,2158,1079,3238,1619,4858,2429,7288,3644,1822,911,2734,1367,4102,2051,6154,3077,9232,4616,2308,1154,577,1732,866,433,1300,650,325,976,488,244,122,61,184,92,46,23,70,35,106,53,160,80,40,20,10,5,16,8,4,2,1"
472,35,472,"472,236,118,59,178,89,268,134,67,202,101,304,152,76,38,19,58,29,88,44,22,11,34,17,52,26,13,40,20,10,5,16,8,4,2,1"
473,35,1600,"473,1420,710,355,1066,533,1600,800,400,200,100,50,25,76,38,19,58,29,88,44,22,11,34,17,52,26,13,40,20,10,5,16,8,4,2,1"
474,35,712,"474,237,712,356,178,89,268,134,67,202,101,304,152,76,38,19,58,29,88,44,22,11,34,17,52,26,13,40,20,10,5,16,8,4,2,1"
475,27,3616,"475,1426,713,2140,1070,535,1606,803,2410,1205,3616,1808,904,452,226,113,340,170,85,256,128,64,32,16,8,4,2,1"
476,35,808,"476,238,119,358,179,538,269,808,404,202,101,304,152,76,38,19,58,29,88,44,22,11,34,17,52,26,13,40,20,10,5,16,8,4,2,1"
477,35,1432,"477,1432,716,358,179,538,269,808,404,202,101,304,152,76,38,19,58,29,88,44,22,11,34,17,52,26,13,40,20,10,5,16,8,4,2,1"
478,53,9232,"478,239,718,359,1078,539,1618,809,2428,1214,607,1822,911,2734,1367,4102,2051,6154,3077,9232,4616,2308,1154,577,1732,866,433,1300,650,325,976,488,244,122,61,184,92,46,23,70,35,106,53,160,80,40,20,10,5,16,8,4,2,1"
479,53,9232,"479,1438,719,2158,1079,3238,1619,4858,2429,7288,3644,1822,911,2734,1367,4102,2051,6154,3077,9232,4616,2308,1154,577,1732,866,433,1300,650,325,976,488,244,122,61,184,92,46,23,70,35,106,53,160,80,40,20,10,5,16,8,4,2,1"
480,22,480,"480,240,120,60,30,15,46,23,70,35,106,53,160,80,40,20,10,5,16,8,4,2,1"
481,48,2752,"481,1444,722,361,1084,542,271,814,407,1222,611,1834,917,2752,1376,688,344,172,86,43,130,65,196,98,49,148,74,37,112,56,28,14,7,22,11,34,17,52,26,13,40,20,10,5,16,8,4,2,1"
482,22,724,"482,241,724,362,181,544,272,136,68,34,17,52,26,13,40,20,10,5,16,8,4,2,1"
483,22,2176,"483,1450,725,2176,1088,544,272,136,68,34,17,52,26,13,40,20,10,5,16,8,4,2,1"
484,97,9232,"484,242,121,364,182,91,274,137,412,206,103,310,155,466,233,700,350,175,526,263,790,395,1186,593,1780,890,445,1336,668,334,167,502,251,754,377,1132,566,283,850,425,1276,638,319,958,479,1438,719,2158,1079,3238,1619,4858,2429,7288,3644,1822,911,2734,1367,4102,2051,6154,3077,9232,4616,2308,1154,577,1732,866,433,1300,650,325,976,488,244,122,61,184,92,46,23,70,35,106,53,160,80,40,20,10,5,16,8,4,2,1"
485,97,9232,"485,1456,728,364,182,91,274,137,412,206,103,310,155,466,233,700,350,175,526,263,790,395,1186,593,1780,890,445,1336,668,334,167,502,251,754,377,1132,566,283,850,425,1276,638,319,958,479,1438,719,2158,1079,3238,1619,4858,2429,7288,3644,1822,911,2734,1367,4102,2051,6154,3077,9232,4616,2308,1154,577,1732,866,433,1300,650,325,976,488,244,122,61,184,92,46,23,70,35,106,53,160,80,40,20,10,5,16,8,4,2,1"
486,97,9232,"486,243,730,365,1096,548,274,137,412,206,103,310,155,466,233,700,350,175,526,263,790,395,1186,593,1780,890,445,1336,668,334,167,502,251,754,377,1132,566,283,850,425,1276,638,319,958,479,1438,719,2158,1079,3238,1619,4858,2429,7288,3644,1822,911,2734,1367,4102,2051,6154,3077,9232,4616,2308,1154,577,1732,866,433,1300,650,325,976,488,244,122,61,184,92,46,23,70,35,106,53,160,80,40,20,10,5,16,8,4,2,1"
487,141,9232,"487,1462,731,2194,1097,3292,1646,823,2470,1235,3706,1853,5560,2780,1390,695,2086,1043,3130,1565,4696,2348,1174,587,1762,881,2644,1322,661,1984,992,496,248,124,62,31,94,47,142,71,214,107,322,161,484,242,121,364,182,91,274,137,412,206,103,310,155,466,233,700,350,175,526,263,790,395,1186,593,1780,890,445,1336,668,334,167,502,251,754,377,1132,566,283,850,425,1276,638,319,958,479,1438,719,2158,1079,3238,1619,4858,2429,7288,3644,1822,911,2734,1367,4102,2051,6154,3077,9232,4616,2308,1154,577,1732,866,433,1300,650,325,976,488,244,122,61,184,92,46,23,70,35,106,53,160,80,40,20,10,5,16,8,4,2,1"
488,22,488,"488,244,122,61,184,92,46,23,70,35,106,53,160,80,40,20,10,5,16,8,4,2,1"
489,48,4192,"489,1468,734,367,1102,551,1654,827,2482,1241,3724,1862,931,2794,1397,4192,2096,1048,524,262,131,394,197,592,296,148,74,37,112,56,28,14,7,22,11,34,17,52,26,13,40,20,10,5,16,8,4,2,1"
490,22,736,"490,245,736,368,184,92,46,23,70,35,106,53,160,80,40,20,10,5,16,8,4,2,1"
491,141,9232,"491,1474,737,2212,1106,553,1660,830,415,1246,623,1870,935,2806,1403,4210,2105,6316,3158,1579,4738,2369,7108,3554,1777,5332,2666,1333,4000,2000,1000,500,250,125,376,188,94,47,142,71,214,107,322,161,484,242,121,364,182,91,274,137,412,206,103,310,155,466,233,700,350,175,526,263,790,395,1186,593,1780,890,445,1336,668,334,167,502,251,754,377,1132,566,283,850,425,1276,638,319,958,479,1438,719,2158,1079,3238,1619,4858,2429,7288,3644,1822,911,2734,1367,4102,2051,6154,3077,9232,4616,2308,1154,577,1732,866,433,1300,650,325,976,488,244,122,61,184,92,46,23,70,35,106,53,160,80,40,20,10,5,16,8,4,2,1"
492,48,628,"492,246,123,370,185,556,278,139,418,209,628,314,157,472,236,118,59,178,89,268,134,67,202,101,304,152,76,38,19,58,29,88,44,22,11,34,17,52,26,13,40,20,10,5,16,8,4,2,1"
493,48,1480,"493,1480,740,370,185,556,278,139,418,209,628,314,157,472,236,118,59,178,89,268,134,67,202,101,304,152,76,38,19,58,29,88,44,22,11,34,17,52,26,13,40,20,10,5,16,8,4,2,1"
494,48,1672,"494,247,742,371,1114,557,1672,836,418,209,628,314,157,472,236,118,59,178,89,268,134,67,202,101,304,152,76,38,19,58,29,88,44,22,11,34,17,52,26,13,40,20,10,5,16,8,4,2,1"
495,97,14308,"495,1486,743,2230,1115,3346,1673,5020,2510,1255,3766,1883,5650,2825,8476,4238,2119,6358,3179,9538,4769,14308,7154,3577,10732,5366,2683,8050,4025,12076,6038,3019,9058,4529,13588,6794,3397,10192,5096,2548,1274,637,1912,956,478,239,718,359,1078,539,1618,809,2428,1214,607,1822,911,2734,1367,4102,2051,6154,3077,9232,4616,2308,1154,577,1732,866,433,1300,650,325,976,488,244,122,61,184,92,46,23,70,35,106,53,160,80,40,20,10,5,16,8,4,2,1"
496,110,9232,"496,248,124,62,31,94,47,142,71,214,107,322,161,484,242,121,364,182,91,274,137,412,206,103,310,155,466,233,700,350,175,526,263,790,395,1186,593,1780,890,445,1336,668,334,167,502,251,754,377,1132,566,283,850,425,1276,638,319,958,479,1438,719,2158,1079,3238,1619,4858,2429,7288,3644,1822,911,2734,1367,4102,2051,6154,3077,9232,4616,2308,1154,577,1732,866,433,1300,650,325,976,488,244,122,61,184,92,46,23,70,35,106,53,160,80,40,20,10,5,16,8,4,2,1"
497,22,1492,"497,1492,746,373,1120,560,280,140,70,35,106,53,160,80,40,20,10,5,16,8,4,2,1"
498,48,952,"498,249,748,374,187,562,281,844,422,211,634,317,952,476,238,119,358,179,538,269,808,404,202,101,304,152,76,38,19,58,29,88,44,22,11,34,17,52,26,13,40,20,10,5,16,8,4,2,1"
499,48,2248,"499,1498,749,2248,1124,562,281,844,422,211,634,317,952,476,238,119,358,179,538,269,808,404,202,101,304,152,76,38,19,58,29,88,44,22,11,34,17,52,26,13,40,20,10,5,16,8,4,2,1"
500,110,9232,"500,250,125,376,188,94,47,142,71,214,107,322,161,484,242,121,364,182,91,274,137,412,206,103,310,155,466,233,700,350,175,526,263,790,395,1186,593,1780,890,445,1336,668,334,167,502,251,754,377,1132,566,283,850,425,1276,638,319,958,479,1438,719,2158,1079,3238,1619,4858,2429,7288,3644,1822,911,2734,1367,4102,2051,6154,3077,9232,4616,2308,1154,577,1732,866,433,1300,650,325,976,488,244,122,61,184,92,46,23,70,35,106,53,160,80,40,20,10,5,16,8,4,2,1"
501,110,9232,"501,1504,752,376,188,94,47,142,71,214,107,322,161,484,242,121,364,182,91,274,137,412,206,103,310,155,466,233,700,350,175,526,263,790,395,1186,593,1780,890,445,1336,668,334,167,502,251,754,377,1132,566,283,850,425,1276,638,319,958,479,1438,719,2158,1079,3238,1619,4858,2429,7288,3644,1822,911,2734,1367,4102,2051,6154,3077,9232,4616,2308,1154,577,1732,866,433,1300,650,325,976,488,244,122,61,184,92,46,23,70,35,106,53,160,80,40,20,10,5,16,8,4,2,1"
502,66,9232,"502,251,754,377,1132,566,283,850,425,1276,638,319,958,479,1438,719,2158,1079,3238,1619,4858,2429,7288,3644,1822,911,2734,1367,4102,2051,6154,3077,9232,4616,2308,1154,577,1732,866,433,1300,650,325,976,488,244,122,61,184,92,46,23,70,35,106,53,160,80,40,20,10,5,16,8,4,2,1"
503,66,9232,"503,1510,755,2266,1133,3400,1700,850,425,1276,638,319,958,479,1438,719,2158,1079,3238,1619,4858,2429,7288,3644,1822,911,2734,1367,4102,2051,6154,3077,9232,4616,2308,1154,577,1732,866,433,1300,650,325,976,488,244,122,61,184,92,46,23,70,35,106,53,160,80,40,20,10,5,16,8,4,2,1"
504,110,9232,"504,252,126,63,190,95,286,143,430,215,646,323,970,485,1456,728,364,182,91,274,137,412,206,103,310,155,466,233,700,350,175,526,263,790,395,1186,593,1780,890,445,1336,668,334,167,502,251,754,377,1132,566,283,850,425,1276,638,319,958,479,1438,719,2158,1079,3238,1619,4858,2429,7288,3644,1822,911,2734,1367,4102,2051,6154,3077,9232,4616,2308,1154,577,1732,866,433,1300,650,325,976,488,244,122,61,184,92,46,23,70,35,106,53,160,80,40,20,10,5,16,8,4,2,1"
505,61,2752,"505,1516,758,379,1138,569,1708,854,427,1282,641,1924,962,481,1444,722,361,1084,542,271,814,407,1222,611,1834,917,2752,1376,688,344,172,86,43,130,65,196,98,49,148,74,37,112,56,28,14,7,22,11,34,17,52,26,13,40,20,10,5,16,8,4,2,1"
506,110,9232,"506,253,760,380,190,95,286,143,430,215,646,323,970,485,1456,728,364,182,91,274,137,412,206,103,310,155,466,233,700,350,175,526,263,790,395,1186,593,1780,890,445,1336,668,334,167,502,251,754,377,1132,566,283,850,425,1276,638,319,958,479,1438,719,2158,1079,3238,1619,4858,2429,7288,3644,1822,911,2734,1367,4102,2051,6154,3077,9232,4616,2308,1154,577,1732,866,433,1300,650,325,976,488,244,122,61,184,92,46,23,70,35,106,53,160,80,40,20,10,5,16,8,4,2,1"
507,35,2896,"507,1522,761,2284,1142,571,1714,857,2572,1286,643,1930,965,2896,1448,724,362,181,544,272,136,68,34,17,52,26,13,40,20,10,5,16,8,4,2,1"
508,48,4372,"508,254,127,382,191,574,287,862,431,1294,647,1942,971,2914,1457,4372,2186,1093,3280,1640,820,410,205,616,308,154,77,232,116,58,29,88,44,22,11,34,17,52,26,13,40,20,10,5,16,8,4,2,1"
509,48,4372,"509,1528,764,382,191,574,287,862,431,1294,647,1942,971,2914,1457,4372,2186,1093,3280,1640,820,410,205,616,308,154,77,232,116,58,29,88,44,22,11,34,17,52,26,13,40,20,10,5,16,8,4,2,1"
510,48,13120,"510,255,766,383,1150,575,1726,863,2590,1295,3886,1943,5830,2915,8746,4373,13120,6560,3280,1640,820,410,205,616,308,154,77,232,116,58,29,88,44,22,11,34,17,52,26,13,40,20,10,5,16,8,4,2,1"
511,61,39364,"511,1534,767,2302,1151,3454,1727,5182,2591,7774,3887,11662,5831,17494,8747,26242,13121,39364,19682,9841,29524,14762,7381,22144,11072,5536,2768,1384,692,346,173,520,260,130,65,196,98,49,148,74,37,112,56,28,14,7,22,11,34,17,52,26,13,40,20,10,5,16,8,4,2,1"
512,9,512,"512,256,128,64,32,16,8,4,2,1"
513,35,1540,"513,1540,770,385,1156,578,289,868,434,217,652,326,163,490,245,736,368,184,92,46,23,70,35,106,53,160,80,40,20,10,5,16,8,4,2,1"
514,123,9232,"514,257,772,386,193,580,290,145,436,218,109,328,164,82,41,124,62,31,94,47,142,71,214,107,322,161,484,242,121,364,182,91,274,137,412,206,103,310,155,466,233,700,350,175,526,263,790,395,1186,593,1780,890,445,1336,668,334,167,502,251,754,377,1132,566,283,850,425,1276,638,319,958,479,1438,719,2158,1079,3238,1619,4858,2429,7288,3644,1822,911,2734,1367,4102,2051,6154,3077,9232,4616,2308,1154,577,1732,866,433,1300,650,325,976,488,244,122,61,184,92,46,23,70,35,106,53,160,80,40,20,10,5,16,8,4,2,1"
515,123,9232,"515,1546,773,2320,1160,580,290,145,436,218,109,328,164,82,41,124,62,31,94,47,142,71,214,107,322,161,484,242,121,364,182,91,274,137,412,206,103,310,155,466,233,700,350,175,526,263,790,395,1186,593,1780,890,445,1336,668,334,167,502,251,754,377,1132,566,283,850,425,1276,638,319,958,479,1438,719,2158,1079,3238,1619,4858,2429,7288,3644,1822,911,2734,1367,4102,2051,6154,3077,9232,4616,2308,1154,577,1732,866,433,1300,650,325,976,488,244,122,61,184,92,46,23,70,35,106,53,160,80,40,20,10,5,16,8,4,2,1"
516,123,9232,"516,258,129,388,194,97,292,146,73,220,110,55,166,83,250,125,376,188,94,47,142,71,214,107,322,161,484,242,121,364,182,91,274,137,412,206,103,310,155,466,233,700,350,175,526,263,790,395,1186,593,1780,890,445,1336,668,334,167,502,251,754,377,1132,566,283,850,425,1276,638,319,958,479,1438,719,2158,1079,3238,1619,4858,2429,7288,3644,1822,911,2734,1367,4102,2051,6154,3077,9232,4616,2308,1154,577,1732,866,433,1300,650,325,976,488,244,122,61,184,92,46,23,70,35,106,53,160,80,40,20,10,5,16,8,4,2,1"
517,123,9232,"517,1552,776,388,194,97,292,146,73,220,110,55,166,83,250,125,376,188,94,47,142,71,214,107,322,161,484,242,121,364,182,91,274,137,412,206,103,310,155,466,233,700,350,175,526,263,790,395,1186,593,1780,890,445,1336,668,334,167,502,251,754,377,1132,566,283,850,425,1276,638,319,958,479,1438,719,2158,1079,3238,1619,4858,2429,7288,3644,1822,911,2734,1367,4102,2051,6154,3077,9232,4616,2308,1154,577,1732,866,433,1300,650,325,976,488,244,122,61,184,92,46,23,70,35,106,53,160,80,40,20,10,5,16,8,4,2,1"
518,123,9232,"518,259,778,389,1168,584,292,146,73,220,110,55,166,83,250,125,376,188,94,47,142,71,214,107,322,161,484,242,121,364,182,91,274,137,412,206,103,310,155,466,233,700,350,175,526,263,790,395,1186,593,1780,890,445,1336,668,334,167,502,251,754,377,1132,566,283,850,425,1276,638,319,958,479,1438,719,2158,1079,3238,1619,4858,2429,7288,3644,1822,911,2734,1367,4102,2051,6154,3077,9232,4616,2308,1154,577,1732,866,433,1300,650,325,976,488,244,122,61,184,92,46,23,70,35,106,53,160,80,40,20,10,5,16,8,4,2,1"
519,61,3508,"519,1558,779,2338,1169,3508,1754,877,2632,1316,658,329,988,494,247,742,371,1114,557,1672,836,418,209,628,314,157,472,236,118,59,178,89,268,134,67,202,101,304,152,76,38,19,58,29,88,44,22,11,34,17,52,26,13,40,20,10,5,16,8,4,2,1"
520,30,520,"520,260,130,65,196,98,49,148,74,37,112,56,28,14,7,22,11,34,17,52,26,13,40,20,10,5,16,8,4,2,1"
521,123,9232,"521,1564,782,391,1174,587,1762,881,2644,1322,661,1984,992,496,248,124,62,31,94,47,142,71,214,107,322,161,484,242,121,364,182,91,274,137,412,206,103,310,155,466,233,700,350,175,526,263,790,395,1186,593,1780,890,445,1336,668,334,167,502,251,754,377,1132,566,283,850,425,1276,638,319,958,479,1438,719,2158,1079,3238,1619,4858,2429,7288,3644,1822,911,2734,1367,4102,2051,6154,3077,9232,4616,2308,1154,577,1732,866,433,1300,650,325,976,488,244,122,61,184,92,46,23,70,35,106,53,160,80,40,20,10,5,16,8,4,2,1"
522,30,784,"522,261,784,392,196,98,49,148,74,37,112,56,28,14,7,22,11,34,17,52,26,13,40,20,10,5,16,8,4,2,1"
523,123,9232,"523,1570,785,2356,1178,589,1768,884,442,221,664,332,166,83,250,125,376,188,94,47,142,71,214,107,322,161,484,242,121,364,182,91,274,137,412,206,103,310,155,466,233,700,350,175,526,263,790,395,1186,593,1780,890,445,1336,668,334,167,502,251,754,377,1132,566,283,850,425,1276,638,319,958,479,1438,719,2158,1079,3238,1619,4858,2429,7288,3644,1822,911,2734,1367,4102,2051,6154,3077,9232,4616,2308,1154,577,1732,866,433,1300,650,325,976,488,244,122,61,184,92,46,23,70,35,106,53,160,80,40,20,10,5,16,8,4,2,1"
524,30,592,"524,262,131,394,197,592,296,148,74,37,112,56,28,14,7,22,11,34,17,52,26,13,40,20,10,5,16,8,4,2,1"
525,30,1576,"525,1576,788,394,197,592,296,148,74,37,112,56,28,14,7,22,11,34,17,52,26,13,40,20,10,5,16,8,4,2,1"
526,79,9232,"526,263,790,395,1186,593,1780,890,445,1336,668,334,167,502,251,754,377,1132,566,283,850,425,1276,638,319,958,479,1438,719,2158,1079,3238,1619,4858,2429,7288,3644,1822,911,2734,1367,4102,2051,6154,3077,9232,4616,2308,1154,577,1732,866,433,1300,650,325,976,488,244,122,61,184,92,46,23,70,35,106,53,160,80,40,20,10,5,16,8,4,2,1"
527,79,9232,"527,1582,791,2374,1187,3562,1781,5344,2672,1336,668,334,167,502,251,754,377,1132,566,283,850,425,1276,638,319,958,479,1438,719,2158,1079,3238,1619,4858,2429,7288,3644,1822,911,2734,1367,4102,2051,6154,3077,9232,4616,2308,1154,577,1732,866,433,1300,650,325,976,488,244,122,61,184,92,46,23,70,35,106,53,160,80,40,20,10,5,16,8,4,2,1"
528,30,528,"528,264,132,66,33,100,50,25,76,38,19,58,29,88,44,22,11,34,17,52,26,13,40,20,10,5,16,8,4,2,1"
529,30,1588,"529,1588,794,397,1192,596,298,149,448,224,112,56,28,14,7,22,11,34,17,52,26,13,40,20,10,5,16,8,4,2,1"
530,123,9232,"530,265,796,398,199,598,299,898,449,1348,674,337,1012,506,253,760,380,190,95,286,143,430,215,646,323,970,485,1456,728,364,182,91,274,137,412,206,103,310,155,466,233,700,350,175,526,263,790,395,1186,593,1780,890,445,1336,668,334,167,502,251,754,377,1132,566,283,850,425,1276,638,319,958,479,1438,719,2158,1079,3238,1619,4858,2429,7288,3644,1822,911,2734,1367,4102,2051,6154,3077,9232,4616,2308,1154,577,1732,866,433,1300,650,325,976,488,244,122,61,184,92,46,23,70,35,106,53,160,80,40,20,10,5,16,8,4,2,1"
531,123,9232,"531,1594,797,2392,1196,598,299,898,449,1348,674,337,1012,506,253,760,380,190,95,286,143,430,215,646,323,970,485,1456,728,364,182,91,274,137,412,206,103,310,155,466,233,700,350,175,526,263,790,395,1186,593,1780,890,445,1336,668,334,167,502,251,754,377,1132,566,283,850,425,1276,638,319,958,479,1438,719,2158,1079,3238,1619,4858,2429,7288,3644,1822,911,2734,1367,4102,2051,6154,3077,9232,4616,2308,1154,577,1732,866,433,1300,650,325,976,488,244,122,61,184,92,46,23,70,35,106,53,160,80,40,20,10,5,16,8,4,2,1"
532,30,532,"532,266,133,400,200,100,50,25,76,38,19,58,29,88,44,22,11,34,17,52,26,13,40,20,10,5,16,8,4,2,1"
533,30,1600,"533,1600,800,400,200,100,50,25,76,38,19,58,29,88,44,22,11,34,17,52,26,13,40,20,10,5,16,8,4,2,1"
534,22,1204,"534,267,802,401,1204,602,301,904,452,226,113,340,170,85,256,128,64,32,16,8,4,2,1"
535,22,3616,"535,1606,803,2410,1205,3616,1808,904,452,226,113,340,170,85,256,128,64,32,16,8,4,2,1"
536,30,536,"536,268,134,67,202,101,304,152,76,38,19,58,29,88,44,22,11,34,17,52,26,13,40,20,10,5,16,8,4,2,1"
537,22,1816,"537,1612,806,403,1210,605,1816,908,454,227,682,341,1024,512,256,128,64,32,16,8,4,2,1"
538,30,808,"538,269,808,404,202,101,304,152,76,38,19,58,29,88,44,22,11,34,17,52,26,13,40,20,10,5,16,8,4,2,1"
539,48,9232,"539,1618,809,2428,1214,607,1822,911,2734,1367,4102,2051,6154,3077,9232,4616,2308,1154,577,1732,866,433,1300,650,325,976,488,244,122,61,184,92,46,23,70,35,106,53,160,80,40,20,10,5,16,8,4,2,1"
540,43,916,"540,270,135,406,203,610,305,916,458,229,688,344,172,86,43,130,65,196,98,49,148,74,37,112,56,28,14,7,22,11,34,17,52,26,13,40,20,10,5,16,8,4,2,1"
541,43,1624,"541,1624,812,406,203,610,305,916,458,229,688,344,172,86,43,130,65,196,98,49,148,74,37,112,56,28,14,7,22,11,34,17,52,26,13,40,20,10,5,16,8,4,2,1"
542,43,2752,"542,271,814,407,1222,611,1834,917,2752,1376,688,344,172,86,43,130,65,196,98,49,148,74,37,112,56,28,14,7,22,11,34,17,52,26,13,40,20,10,5,16,8,4,2,1"
543,136,9232,"543,1630,815,2446,1223,3670,1835,5506,2753,8260,4130,2065,6196,3098,1549,4648,2324,1162,581,1744,872,436,218,109,328,164,82,41,124,62,31,94,47,142,71,214,107,322,161,484,242,121,364,182,91,274,137,412,206,103,310,155,466,233,700,350,175,526,263,790,395,1186,593,1780,890,445,1336,668,334,167,502,251,754,377,1132,566,283,850,425,1276,638,319,958,479,1438,719,2158,1079,3238,1619,4858,2429,7288,3644,1822,911,2734,1367,4102,2051,6154,3077,9232,4616,2308,1154,577,1732,866,433,1300,650,325,976,488,244,122,61,184,92,46,23,70,35,106,53,160,80,40,20,10,5,16,8,4,2,1"
544,17,544,"544,272,136,68,34,17,52,26,13,40,20,10,5,16,8,4,2,1"
545,43,1636,"545,1636,818,409,1228,614,307,922,461,1384,692,346,173,520,260,130,65,196,98,49,148,74,37,112,56,28,14,7,22,11,34,17,52,26,13,40,20,10,5,16,8,4,2,1"
546,30,820,"546,273,820,410,205,616,308,154,77,232,116,58,29,88,44,22,11,34,17,52,26,13,40,20,10,5,16,8,4,2,1"
547,30,2464,"547,1642,821,2464,1232,616,308,154,77,232,116,58,29,88,44,22,11,34,17,52,26,13,40,20,10,5,16,8,4,2,1"
548,92,9232,"548,274,137,412,206,103,310,155,466,233,700,350,175,526,263,790,395,1186,593,1780,890,445,1336,668,334,167,502,251,754,377,1132,566,283,850,425,1276,638,319,958,479,1438,719,2158,1079,3238,1619,4858,2429,7288,3644,1822,911,2734,1367,4102,2051,6154,3077,9232,4616,2308,1154,577,1732,866,433,1300,650,325,976,488,244,122,61,184,92,46,23,70,35,106,53,160,80,40,20,10,5,16,8,4,2,1"
549,92,9232,"549,1648,824,412,206,103,310,155,466,233,700,350,175,526,263,790,395,1186,593,1780,890,445,1336,668,334,167,502,251,754,377,1132,566,283,850,425,1276,638,319,958,479,1438,719,2158,1079,3238,1619,4858,2429,7288,3644,1822,911,2734,1367,4102,2051,6154,3077,9232,4616,2308,1154,577,1732,866,433,1300,650,325,976,488,244,122,61,184,92,46,23,70,35,106,53,160,80,40,20,10,5,16,8,4,2,1"
550,92,9232,"550,275,826,413,1240,620,310,155,466,233,700,350,175,526,263,790,395,1186,593,1780,890,445,1336,668,334,167,502,251,754,377,1132,566,283,850,425,1276,638,319,958,479,1438,719,2158,1079,3238,1619,4858,2429,7288,3644,1822,911,2734,1367,4102,2051,6154,3077,9232,4616,2308,1154,577,1732,866,433,1300,650,325,976,488,244,122,61,184,92,46,23,70,35,106,53,160,80,40,20,10,5,16,8,4,2,1"
551,43,4192,"551,1654,827,2482,1241,3724,1862,931,2794,1397,4192,2096,1048,524,262,131,394,197,592,296,148,74,37,112,56,28,14,7,22,11,34,17,52,26,13,40,20,10,5,16,8,4,2,1"
552,17,552,"552,276,138,69,208,104,52,26,13,40,20,10,5,16,8,4,2,1"
553,136,9232,"553,1660,830,415,1246,623,1870,935,2806,1403,4210,2105,6316,3158,1579,4738,2369,7108,3554,1777,5332,2666,1333,4000,2000,1000,500,250,125,376,188,94,47,142,71,214,107,322,161,484,242,121,364,182,91,274,137,412,206,103,310,155,466,233,700,350,175,526,263,790,395,1186,593,1780,890,445,1336,668,334,167,502,251,754,377,1132,566,283,850,425,1276,638,319,958,479,1438,719,2158,1079,3238,1619,4858,2429,7288,3644,1822,911,2734,1367,4102,2051,6154,3077,9232,4616,2308,1154,577,1732,866,433,1300,650,325,976,488,244,122,61,184,92,46,23,70,35,106,53,160,80,40,20,10,5,16,8,4,2,1"
554,17,832,"554,277,832,416,208,104,52,26,13,40,20,10,5,16,8,4,2,1"
555,30,2500,"555,1666,833,2500,1250,625,1876,938,469,1408,704,352,176,88,44,22,11,34,17,52,26,13,40,20,10,5,16,8,4,2,1"
556,43,628,"556,278,139,418,209,628,314,157,472,236,118,59,178,89,268,134,67,202,101,304,152,76,38,19,58,29,88,44,22,11,34,17,52,26,13,40,20,10,5,16,8,4,2,1"
557,43,1672,"557,1672,836,418,209,628,314,157,472,236,118,59,178,89,268,134,67,202,101,304,152,76,38,19,58,29,88,44,22,11,34,17,52,26,13,40,20,10,5,16,8,4,2,1"
558,43,1888,"558,279,838,419,1258,629,1888,944,472,236,118,59,178,89,268,134,67,202,101,304,152,76,38,19,58,29,88,44,22,11,34,17,52,26,13,40,20,10,5,16,8,4,2,1"
559,87,8080,"559,1678,839,2518,1259,3778,1889,5668,2834,1417,4252,2126,1063,3190,1595,4786,2393,7180,3590,1795,5386,2693,8080,4040,2020,1010,505,1516,758,379,1138,569,1708,854,427,1282,641,1924,962,481,1444,722,361,1084,542,271,814,407,1222,611,1834,917,2752,1376,688,344,172,86,43,130,65,196,98,49,148,74,37,112,56,28,14,7,22,11,34,17,52,26,13,40,20,10,5,16,8,4,2,1"
560,17,560,"560,280,140,70,35,106,53,160,80,40,20,10,5,16,8,4,2,1"
561,43,1684,"561,1684,842,421,1264,632,316,158,79,238,119,358,179,538,269,808,404,202,101,304,152,76,38,19,58,29,88,44,22,11,34,17,52,26,13,40,20,10,5,16,8,4,2,1"
562,43,952,"562,281,844,422,211,634,317,952,476,238,119,358,179,538,269,808,404,202,101,304,152,76,38,19,58,29,88,44,22,11,34,17,52,26,13,40,20,10,5,16,8,4,2,1"
563,43,2536,"563,1690,845,2536,1268,634,317,952,476,238,119,358,179,538,269,808,404,202,101,304,152,76,38,19,58,29,88,44,22,11,34,17,52,26,13,40,20,10,5,16,8,4,2,1"
564,17,564,"564,282,141,424,212,106,53,160,80,40,20,10,5,16,8,4,2,1"
565,17,1696,"565,1696,848,424,212,106,53,160,80,40,20,10,5,16,8,4,2,1"
566,61,9232,"566,283,850,425,1276,638,319,958,479,1438,719,2158,1079,3238,1619,4858,2429,7288,3644,1822,911,2734,1367,4102,2051,6154,3077,9232,4616,2308,1154,577,1732,866,433,1300,650,325,976,488,244,122,61,184,92,46,23,70,35,106,53,160,80,40,20,10,5,16,8,4,2,1"
567,61,9232,"567,1702,851,2554,1277,3832,1916,958,479,1438,719,2158,1079,3238,1619,4858,2429,7288,3644,1822,911,2734,1367,4102,2051,6154,3077,9232,4616,2308,1154,577,1732,866,433,1300,650,325,976,488,244,122,61,184,92,46,23,70,35,106,53,160,80,40,20,10,5,16,8,4,2,1"
568,105,9232,"568,284,142,71,214,107,322,161,484,242,121,364,182,91,274,137,412,206,103,310,155,466,233,700,350,175,526,263,790,395,1186,593,1780,890,445,1336,668,334,167,502,251,754,377,1132,566,283,850,425,1276,638,319,958,479,1438,719,2158,1079,3238,1619,4858,2429,7288,3644,1822,911,2734,1367,4102,2051,6154,3077,9232,4616,2308,1154,577,1732,866,433,1300,650,325,976,488,244,122,61,184,92,46,23,70,35,106,53,160,80,40,20,10,5,16,8,4,2,1"
569,56,2752,"569,1708,854,427,1282,641,1924,962,481,1444,722,361,1084,542,271,814,407,1222,611,1834,917,2752,1376,688,344,172,86,43,130,65,196,98,49,148,74,37,112,56,28,14,7,22,11,34,17,52,26,13,40,20,10,5,16,8,4,2,1"
570,105,9232,"570,285,856,428,214,107,322,161,484,242,121,364,182,91,274,137,412,206,103,310,155,466,233,700,350,175,526,263,790,395,1186,593,1780,890,445,1336,668,334,167,502,251,754,377,1132,566,283,850,425,1276,638,319,958,479,1438,719,2158,1079,3238,1619,4858,2429,7288,3644,1822,911,2734,1367,4102,2051,6154,3077,9232,4616,2308,1154,577,1732,866,433,1300,650,325,976,488,244,122,61,184,92,46,23,70,35,106,53,160,80,40,20,10,5,16,8,4,2,1"
571,30,2896,"571,1714,857,2572,1286,643,1930,965,2896,1448,724,362,181,544,272,136,68,34,17,52,26,13,40,20,10,5,16,8,4,2,1"
572,105,9232,"572,286,143,430,215,646,323,970,485,1456,728,364,182,91,274,137,412,206,103,310,155,466,233,700,350,175,526,263,790,395,1186,593,1780,890,445,1336,668,334,167,502,251,754,377,1132,566,283,850,425,1276,638,319,958,479,1438,719,2158,1079,3238,1619,4858,2429,7288,3644,1822,911,2734,1367,4102,2051,6154,3077,9232,4616,2308,1154,577,1732,866,433,1300,650,325,976,488,244,122,61,184,92,46,23,70,35,106,53,160,80,40,20,10,5,16,8,4,2,1"
573,105,9232,"573,1720,860,430,215,646,323,970,485,1456,728,364,182,91,274,137,412,206,103,310,155,466,233,700,350,175,526,263,790,395,1186,593,1780,890,445,1336,668,334,167,502,251,754,377,1132,566,283,850,425,1276,638,319,958,479,1438,719,2158,1079,3238,1619,4858,2429,7288,3644,1822,911,2734,1367,4102,2051,6154,3077,9232,4616,2308,1154,577,1732,866,433,1300,650,325,976,488,244,122,61,184,92,46,23,70,35,106,53,160,80,40,20,10,5,16,8,4,2,1"
574,43,4372,"574,287,862,431,1294,647,1942,971,2914,1457,4372,2186,1093,3280,1640,820,410,205,616,308,154,77,232,116,58,29,88,44,22,11,34,17,52,26,13,40,20,10,5,16,8,4,2,1"
575,43,13120,"575,1726,863,2590,1295,3886,1943,5830,2915,8746,4373,13120,6560,3280,1640,820,410,205,616,308,154,77,232,116,58,29,88,44,22,11,34,17,52,26,13,40,20,10,5,16,8,4,2,1"
576,25,576,"576,288,144,72,36,18,9,28,14,7,22,11,34,17,52,26,13,40,20,10,5,16,8,4,2,1"
577,30,1732,"577,1732,866,433,1300,650,325,976,488,244,122,61,184,92,46,23,70,35,106,53,160,80,40,20,10,5,16,8,4,2,1"
578,30,868,"578,289,868,434,217,652,326,163,490,245,736,368,184,92,46,23,70,35,106,53,160,80,40,20,10,5,16,8,4,2,1"
579,30,2608,"579,1738,869,2608,1304,652,326,163,490,245,736,368,184,92,46,23,70,35,106,53,160,80,40,20,10,5,16,8,4,2,1"
580,118,9232,"580,290,145,436,218,109,328,164,82,41,124,62,31,94,47,142,71,214,107,322,161,484,242,121,364,182,91,274,137,412,206,103,310,155,466,233,700,350,175,526,263,790,395,1186,593,1780,890,445,1336,668,334,167,502,251,754,377,1132,566,283,850,425,1276,638,319,958,479,1438,719,2158,1079,3238,1619,4858,2429,7288,3644,1822,911,2734,1367,4102,2051,6154,3077,9232,4616,2308,1154,577,1732,866,433,1300,650,325,976,488,244,122,61,184,92,46,23,70,35,106,53,160,80,40,20,10,5,16,8,4,2,1"
581,118,9232,"581,1744,872,436,218,109,328,164,82,41,124,62,31,94,47,142,71,214,107,322,161,484,242,121,364,182,91,274,137,412,206,103,310,155,466,233,700,350,175,526,263,790,395,1186,593,1780,890,445,1336,668,334,167,502,251,754,377,1132,566,283,850,425,1276,638,319,958,479,1438,719,2158,1079,3238,1619,4858,2429,7288,3644,1822,911,2734,1367,4102,2051,6154,3077,9232,4616,2308,1154,577,1732,866,433,1300,650,325,976,488,244,122,61,184,92,46,23,70,35,106,53,160,80,40,20,10,5,16,8,4,2,1"
582,118,9232,"582,291,874,437,1312,656,328,164,82,41,124,62,31,94,47,142,71,214,107,322,161,484,242,121,364,182,91,274,137,412,206,103,310,155,466,233,700,350,175,526,263,790,395,1186,593,1780,890,445,1336,668,334,167,502,251,754,377,1132,566,283,850,425,1276,638,319,958,479,1438,719,2158,1079,3238,1619,4858,2429,7288,3644,1822,911,2734,1367,4102,2051,6154,3077,9232,4616,2308,1154,577,1732,866,433,1300,650,325,976,488,244,122,61,184,92,46,23,70,35,106,53,160,80,40,20,10,5,16,8,4,2,1"
583,30,3940,"583,1750,875,2626,1313,3940,1970,985,2956,1478,739,2218,1109,3328,1664,832,416,208,104,52,26,13,40,20,10,5,16,8,4,2,1"
584,118,9232,"584,292,146,73,220,110,55,166,83,250,125,376,188,94,47,142,71,214,107,322,161,484,242,121,364,182,91,274,137,412,206,103,310,155,466,233,700,350,175,526,263,790,395,1186,593,1780,890,445,1336,668,334,167,502,251,754,377,1132,566,283,850,425,1276,638,319,958,479,1438,719,2158,1079,3238,1619,4858,2429,7288,3644,1822,911,2734,1367,4102,2051,6154,3077,9232,4616,2308,1154,577,1732,866,433,1300,650,325,976,488,244,122,61,184,92,46,23,70,35,106,53,160,80,40,20,10,5,16,8,4,2,1"
585,56,2968,"585,1756,878,439,1318,659,1978,989,2968,1484,742,371,1114,557,1672,836,418,209,628,314,157,472,236,118,59,178,89,268,134,67,202,101,304,152,76,38,19,58,29,88,44,22,11,34,17,52,26,13,40,20,10,5,16,8,4,2,1"
586,118,9232,"586,293,880,440,220,110,55,166,83,250,125,376,188,94,47,142,71,214,107,322,161,484,242,121,364,182,91,274,137,412,206,103,310,155,466,233,700,350,175,526,263,790,395,1186,593,1780,890,445,1336,668,334,167,502,251,754,377,1132,566,283,850,425,1276,638,319,958,479,1438,719,2158,1079,3238,1619,4858,2429,7288,3644,1822,911,2734,1367,4102,2051,6154,3077,9232,4616,2308,1154,577,1732,866,433,1300,650,325,976,488,244,122,61,184,92,46,23,70,35,106,53,160,80,40,20,10,5,16,8,4,2,1"
587,118,9232,"587,1762,881,2644,1322,661,1984,992,496,248,124,62,31,94,47,142,71,214,107,322,161,484,242,121,364,182,91,274,137,412,206,103,310,155,466,233,700,350,175,526,263,790,395,1186,593,1780,890,445,1336,668,334,167,502,251,754,377,1132,566,283,850,425,1276,638,319,958,479,1438,719,2158,1079,3238,1619,4858,2429,7288,3644,1822,911,2734,1367,4102,2051,6154,3077,9232,4616,2308,1154,577,1732,866,433,1300,650,325,976,488,244,122,61,184,92,46,23,70,35,106,53,160,80,40,20,10,5,16,8,4,2,1"
588,118,9232,"588,294,147,442,221,664,332,166,83,250,125,376,188,94,47,142,71,214,107,322,161,484,242,121,364,182,91,274,137,412,206,103,310,155,466,233,700,350,175,526,263,790,395,1186,593,1780,890,445,1336,668,334,167,502,251,754,377,1132,566,283,850,425,1276,638,319,958,479,1438,719,2158,1079,3238,1619,4858,2429,7288,3644,1822,911,2734,1367,4102,2051,6154,3077,9232,4616,2308,1154,577,1732,866,433,1300,650,325,976,488,244,122,61,184,92,46,23,70,35,106,53,160,80,40,20,10,5,16,8,4,2,1"
589,118,9232,"589,1768,884,442,221,664,332,166,83,250,125,376,188,94,47,142,71,214,107,322,161,484,242,121,364,182,91,274,137,412,206,103,310,155,466,233,700,350,175,526,263,790,395,1186,593,1780,890,445,1336,668,334,167,502,251,754,377,1132,566,283,850,425,1276,638,319,958,479,1438,719,2158,1079,3238,1619,4858,2429,7288,3644,1822,911,2734,1367,4102,2051,6154,3077,9232,4616,2308,1154,577,1732,866,433,1300,650,325,976,488,244,122,61,184,92,46,23,70,35,106,53,160,80,40,20,10,5,16,8,4,2,1"
590,56,2248,"590,295,886,443,1330,665,1996,998,499,1498,749,2248,1124,562,281,844,422,211,634,317,952,476,238,119,358,179,538,269,808,404,202,101,304,152,76,38,19,58,29,88,44,22,11,34,17,52,26,13,40,20,10,5,16,8,4,2,1"
591,56,5992,"591,1774,887,2662,1331,3994,1997,5992,2996,1498,749,2248,1124,562,281,844,422,211,634,317,952,476,238,119,358,179,538,269,808,404,202,101,304,152,76,38,19,58,29,88,44,22,11,34,17,52,26,13,40,20,10,5,16,8,4,2,1"
592,25,592,"592,296,148,74,37,112,56,28,14,7,22,11,34,17,52,26,13,40,20,10,5,16,8,4,2,1"
593,74,9232,"593,1780,890,445,1336,668,334,167,502,251,754,377,1132,566,283,850,425,1276,638,319,958,479,1438,719,2158,1079,3238,1619,4858,2429,7288,3644,1822,911,2734,1367,4102,2051,6154,3077,9232,4616,2308,1154,577,1732,866,433,1300,650,325,976,488,244,122,61,184,92,46,23,70,35,106,53,160,80,40,20,10,5,16,8,4,2,1"
594,74,9232,"594,297,892,446,223,670,335,1006,503,1510,755,2266,1133,3400,1700,850,425,1276,638,319,958,479,1438,719,2158,1079,3238,1619,4858,2429,7288,3644,1822,911,2734,1367,4102,2051,6154,3077,9232,4616,2308,1154,577,1732,866,433,1300,650,325,976,488,244,122,61,184,92,46,23,70,35,106,53,160,80,40,20,10,5,16,8,4,2,1"
595,74,9232,"595,1786,893,2680,1340,670,335,1006,503,1510,755,2266,1133,3400,1700,850,425,1276,638,319,958,479,1438,719,2158,1079,3238,1619,4858,2429,7288,3644,1822,911,2734,1367,4102,2051,6154,3077,9232,4616,2308,1154,577,1732,866,433,1300,650,325,976,488,244,122,61,184,92,46,23,70,35,106,53,160,80,40,20,10,5,16,8,4,2,1"
596,25,596,"596,298,149,448,224,112,56,28,14,7,22,11,34,17,52,26,13,40,20,10,5,16,8,4,2,1"
597,25,1792,"597,1792,896,448,224,112,56,28,14,7,22,11,34,17,52,26,13,40,20,10,5,16,8,4,2,1"
598,118,9232,"598,299,898,449,1348,674,337,1012,506,253,760,380,190,95,286,143,430,215,646,323,970,485,1456,728,364,182,91,274,137,412,206,103,310,155,466,233,700,350,175,526,263,790,395,1186,593,1780,890,445,1336,668,334,167,502,251,754,377,1132,566,283,850,425,1276,638,319,958,479,1438,719,2158,1079,3238,1619,4858,2429,7288,3644,1822,911,2734,1367,4102,2051,6154,3077,9232,4616,2308,1154,577,1732,866,433,1300,650,325,976,488,244,122,61,184,92,46,23,70,35,106,53,160,80,40,20,10,5,16,8,4,2,1"
599,118,9232,"599,1798,899,2698,1349,4048,2024,1012,506,253,760,380,190,95,286,143,430,215,646,323,970,485,1456,728,364,182,91,274,137,412,206,103,310,155,466,233,700,350,175,526,263,790,395,1186,593,1780,890,445,1336,668,334,167,502,251,754,377,1132,566,283,850,425,1276,638,319,958,479,1438,719,2158,1079,3238,1619,4858,2429,7288,3644,1822,911,2734,1367,4102,2051,6154,3077,9232,4616,2308,1154,577,1732,866,433,1300,650,325,976,488,244,122,61,184,92,46,23,70,35,106,53,160,80,40,20,10,5,16,8,4,2,1"
600,17,600,"600,300,150,75,226,113,340,170,85,256,128,64,32,16,8,4,2,1"
601,56,4372,"601,1804,902,451,1354,677,2032,1016,508,254,127,382,191,574,287,862,431,1294,647,1942,971,2914,1457,4372,2186,1093,3280,1640,820,410,205,616,308,154,77,232,116,58,29,88,44,22,11,34,17,52,26,13,40,20,10,5,16,8,4,2,1"
602,17,904,"602,301,904,452,226,113,340,170,85,256,128,64,32,16,8,4,2,1"
603,69,5812,"603,1810,905,2716,1358,679,2038,1019,3058,1529,4588,2294,1147,3442,1721,5164,2582,1291,3874,1937,5812,2906,1453,4360,2180,1090,545,1636,818,409,1228,614,307,922,461,1384,692,346,173,520,260,130,65,196,98,49,148,74,37,112,56,28,14,7,22,11,34,17,52,26,13,40,20,10,5,16,8,4,2,1"
604,17,1024,"604,302,151,454,227,682,341,1024,512,256,128,64,32,16,8,4,2,1"
605,17,1816,"605,1816,908,454,227,682,341,1024,512,256,128,64,32,16,8,4,2,1"
606,43,3076,"606,303,910,455,1366,683,2050,1025,3076,1538,769,2308,1154,577,1732,866,433,1300,650,325,976,488,244,122,61,184,92,46,23,70,35,106,53,160,80,40,20,10,5,16,8,4,2,1"
607,43,9232,"607,1822,911,2734,1367,4102,2051,6154,3077,9232,4616,2308,1154,577,1732,866,433,1300,650,325,976,488,244,122,61,184,92,46,23,70,35,106,53,160,80,40,20,10,5,16,8,4,2,1"
608,25,608,"608,304,152,76,38,19,58,29,88,44,22,11,34,17,52,26,13,40,20,10,5,16,8,4,2,1"
609,131,9232,"609,1828,914,457,1372,686,343,1030,515,1546,773,2320,1160,580,290,145,436,218,109,328,164,82,41,124,62,31,94,47,142,71,214,107,322,161,484,242,121,364,182,91,274,137,412,206,103,310,155,466,233,700,350,175,526,263,790,395,1186,593,1780,890,445,1336,668,334,167,502,251,754,377,1132,566,283,850,425,1276,638,319,958,479,1438,719,2158,1079,3238,1619,4858,2429,7288,3644,1822,911,2734,1367,4102,2051,6154,3077,9232,4616,2308,1154,577,1732,866,433,1300,650,325,976,488,244,122,61,184,92,46,23,70,35,106,53,160,80,40,20,10,5,16,8,4,2,1"
610,38,916,"610,305,916,458,229,688,344,172,86,43,130,65,196,98,49,148,74,37,112,56,28,14,7,22,11,34,17,52,26,13,40,20,10,5,16,8,4,2,1"
611,38,2752,"611,1834,917,2752,1376,688,344,172,86,43,130,65,196,98,49,148,74,37,112,56,28,14,7,22,11,34,17,52,26,13,40,20,10,5,16,8,4,2,1"
612,38,612,"612,306,153,460,230,115,346,173,520,260,130,65,196,98,49,148,74,37,112,56,28,14,7,22,11,34,17,52,26,13,40,20,10,5,16,8,4,2,1"
613,38,1840,"613,1840,920,460,230,115,346,173,520,260,130,65,196,98,49,148,74,37,112,56,28,14,7,22,11,34,17,52,26,13,40,20,10,5,16,8,4,2,1"
614,38,1384,"614,307,922,461,1384,692,346,173,520,260,130,65,196,98,49,148,74,37,112,56,28,14,7,22,11,34,17,52,26,13,40,20,10,5,16,8,4,2,1"
615,69,10528,"615,1846,923,2770,1385,4156,2078,1039,3118,1559,4678,2339,7018,3509,10528,5264,2632,1316,658,329,988,494,247,742,371,1114,557,1672,836,418,209,628,314,157,472,236,118,59,178,89,268,134,67,202,101,304,152,76,38,19,58,29,88,44,22,11,34,17,52,26,13,40,20,10,5,16,8,4,2,1"
616,25,616,"616,308,154,77,232,116,58,29,88,44,22,11,34,17,52,26,13,40,20,10,5,16,8,4,2,1"
617,131,9232,"617,1852,926,463,1390,695,2086,1043,3130,1565,4696,2348,1174,587,1762,881,2644,1322,661,1984,992,496,248,124,62,31,94,47,142,71,214,107,322,161,484,242,121,364,182,91,274,137,412,206,103,310,155,466,233,700,350,175,526,263,790,395,1186,593,1780,890,445,1336,668,334,167,502,251,754,377,1132,566,283,850,425,1276,638,319,958,479,1438,719,2158,1079,3238,1619,4858,2429,7288,3644,1822,911,2734,1367,4102,2051,6154,3077,9232,4616,2308,1154,577,1732,866,433,1300,650,325,976,488,244,122,61,184,92,46,23,70,35,106,53,160,80,40,20,10,5,16,8,4,2,1"
618,25,928,"618,309,928,464,232,116,58,29,88,44,22,11,34,17,52,26,13,40,20,10,5,16,8,4,2,1"
619,131,9232,"619,1858,929,2788,1394,697,2092,1046,523,1570,785,2356,1178,589,1768,884,442,221,664,332,166,83,250,125,376,188,94,47,142,71,214,107,322,161,484,242,121,364,182,91,274,137,412,206,103,310,155,466,233,700,350,175,526,263,790,395,1186,593,1780,890,445,1336,668,334,167,502,251,754,377,1132,566,283,850,425,1276,638,319,958,479,1438,719,2158,1079,3238,1619,4858,2429,7288,3644,1822,911,2734,1367,4102,2051,6154,3077,9232,4616,2308,1154,577,1732,866,433,1300,650,325,976,488,244,122,61,184,92,46,23,70,35,106,53,160,80,40,20,10,5,16,8,4,2,1"
620,87,9232,"620,310,155,466,233,700,350,175,526,263,790,395,1186,593,1780,890,445,1336,668,334,167,502,251,754,377,1132,566,283,850,425,1276,638,319,958,479,1438,719,2158,1079,3238,1619,4858,2429,7288,3644,1822,911,2734,1367,4102,2051,6154,3077,9232,4616,2308,1154,577,1732,866,433,1300,650,325,976,488,244,122,61,184,92,46,23,70,35,106,53,160,80,40,20,10,5,16,8,4,2,1"
621,87,9232,"621,1864,932,466,233,700,350,175,526,263,790,395,1186,593,1780,890,445,1336,668,334,167,502,251,754,377,1132,566,283,850,425,1276,638,319,958,479,1438,719,2158,1079,3238,1619,4858,2429,7288,3644,1822,911,2734,1367,4102,2051,6154,3077,9232,4616,2308,1154,577,1732,866,433,1300,650,325,976,488,244,122,61,184,92,46,23,70,35,106,53,160,80,40,20,10,5,16,8,4,2,1"
622,87,9232,"622,311,934,467,1402,701,2104,1052,526,263,790,395,1186,593,1780,890,445,1336,668,334,167,502,251,754,377,1132,566,283,850,425,1276,638,319,958,479,1438,719,2158,1079,3238,1619,4858,2429,7288,3644,1822,911,2734,1367,4102,2051,6154,3077,9232,4616,2308,1154,577,1732,866,433,1300,650,325,976,488,244,122,61,184,92,46,23,70,35,106,53,160,80,40,20,10,5,16,8,4,2,1"
623,131,9232,"623,1870,935,2806,1403,4210,2105,6316,3158,1579,4738,2369,7108,3554,1777,5332,2666,1333,4000,2000,1000,500,250,125,376,188,94,47,142,71,214,107,322,161,484,242,121,364,182,91,274,137,412,206,103,310,155,466,233,700,350,175,526,263,790,395,1186,593,1780,890,445,1336,668,334,167,502,251,754,377,1132,566,283,850,425,1276,638,319,958,479,1438,719,2158,1079,3238,1619,4858,2429,7288,3644,1822,911,2734,1367,4102,2051,6154,3077,9232,4616,2308,1154,577,1732,866,433,1300,650,325,976,488,244,122,61,184,92,46,23,70,35,106,53,160,80,40,20,10,5,16,8,4,2,1"
624,38,624,"624,312,156,78,39,118,59,178,89,268,134,67,202,101,304,152,76,38,19,58,29,88,44,22,11,34,17,52,26,13,40,20,10,5,16,8,4,2,1"
625,25,1876,"625,1876,938,469,1408,704,352,176,88,44,22,11,34,17,52,26,13,40,20,10,5,16,8,4,2,1"
626,131,9232,"626,313,940,470,235,706,353,1060,530,265,796,398,199,598,299,898,449,1348,674,337,1012,506,253,760,380,190,95,286,143,430,215,646,323,970,485,1456,728,364,182,91,274,137,412,206,103,310,155,466,233,700,350,175,526,263,790,395,1186,593,1780,890,445,1336,668,334,167,502,251,754,377,1132,566,283,850,425,1276,638,319,958,479,1438,719,2158,1079,3238,1619,4858,2429,7288,3644,1822,911,2734,1367,4102,2051,6154,3077,9232,4616,2308,1154,577,1732,866,433,1300,650,325,976,488,244,122,61,184,92,46,23,70,35,106,53,160,80,40,20,10,5,16,8,4,2,1"
627,131,9232,"627,1882,941,2824,1412,706,353,1060,530,265,796,398,199,598,299,898,449,1348,674,337,1012,506,253,760,380,190,95,286,143,430,215,646,323,970,485,1456,728,364,182,91,274,137,412,206,103,310,155,466,233,700,350,175,526,263,790,395,1186,593,1780,890,445,1336,668,334,167,502,251,754,377,1132,566,283,850,425,1276,638,319,958,479,1438,719,2158,1079,3238,1619,4858,2429,7288,3644,1822,911,2734,1367,4102,2051,6154,3077,9232,4616,2308,1154,577,1732,866,433,1300,650,325,976,488,244,122,61,184,92,46,23,70,35,106,53,160,80,40,20,10,5,16,8,4,2,1"
628,38,628,"628,314,157,472,236,118,59,178,89,268,134,67,202,101,304,152,76,38,19,58,29,88,44,22,11,34,17,52,26,13,40,20,10,5,16,8,4,2,1"
629,38,1888,"629,1888,944,472,236,118,59,178,89,268,134,67,202,101,304,152,76,38,19,58,29,88,44,22,11,34,17,52,26,13,40,20,10,5,16,8,4,2,1"
630,38,1600,"630,315,946,473,1420,710,355,1066,533,1600,800,400,200,100,50,25,76,38,19,58,29,88,44,22,11,34,17,52,26,13,40,20,10,5,16,8,4,2,1"
631,38,4264,"631,1894,947,2842,1421,4264,2132,1066,533,1600,800,400,200,100,50,25,76,38,19,58,29,88,44,22,11,34,17,52,26,13,40,20,10,5,16,8,4,2,1"
632,38,808,"632,316,158,79,238,119,358,179,538,269,808,404,202,101,304,152,76,38,19,58,29,88,44,22,11,34,17,52,26,13,40,20,10,5,16,8,4,2,1"
633,30,3616,"633,1900,950,475,1426,713,2140,1070,535,1606,803,2410,1205,3616,1808,904,452,226,113,340,170,85,256,128,64,32,16,8,4,2,1"
634,38,952,"634,317,952,476,238,119,358,179,538,269,808,404,202,101,304,152,76,38,19,58,29,88,44,22,11,34,17,52,26,13,40,20,10,5,16,8,4,2,1"
635,30,3220,"635,1906,953,2860,1430,715,2146,1073,3220,1610,805,2416,1208,604,302,151,454,227,682,341,1024,512,256,128,64,32,16,8,4,2,1"
636,56,9232,"636,318,159,478,239,718,359,1078,539,1618,809,2428,1214,607,1822,911,2734,1367,4102,2051,6154,3077,9232,4616,2308,1154,577,1732,866,433,1300,650,325,976,488,244,122,61,184,92,46,23,70,35,106,53,160,80,40,20,10,5,16,8,4,2,1"
637,56,9232,"637,1912,956,478,239,718,359,1078,539,1618,809,2428,1214,607,1822,911,2734,1367,4102,2051,6154,3077,9232,4616,2308,1154,577,1732,866,433,1300,650,325,976,488,244,122,61,184,92,46,23,70,35,106,53,160,80,40,20,10,5,16,8,4,2,1"
638,56,9232,"638,319,958,479,1438,719,2158,1079,3238,1619,4858,2429,7288,3644,1822,911,2734,1367,4102,2051,6154,3077,9232,4616,2308,1154,577,1732,866,433,1300,650,325,976,488,244,122,61,184,92,46,23,70,35,106,53,160,80,40,20,10,5,16,8,4,2,1"
639,131,41524,"639,1918,959,2878,1439,4318,2159,6478,3239,9718,4859,14578,7289,21868,10934,5467,16402,8201,24604,12302,6151,18454,9227,27682,13841,41524,20762,10381,31144,15572,7786,3893,11680,5840,2920,1460,730,365,1096,548,274,137,412,206,103,310,155,466,233,700,350,175,526,263,790,395,1186,593,1780,890,445,1336,668,334,167,502,251,754,377,1132,566,283,850,425,1276,638,319,958,479,1438,719,2158,1079,3238,1619,4858,2429,7288,3644,1822,911,2734,1367,4102,2051,6154,3077,9232,4616,2308,1154,577,1732,866,433,1300,650,325,976,488,244,122,61,184,92,46,23,70,35,106,53,160,80,40,20,10,5,16,8,4,2,1"
640,12,640,"640,320,160,80,40,20,10,5,16,8,4,2,1"
641,51,2752,"641,1924,962,481,1444,722,361,1084,542,271,814,407,1222,611,1834,917,2752,1376,688,344,172,86,43,130,65,196,98,49,148,74,37,112,56,28,14,7,22,11,34,17,52,26,13,40,20,10,5,16,8,4,2,1"
642,25,964,"642,321,964,482,241,724,362,181,544,272,136,68,34,17,52,26,13,40,20,10,5,16,8,4,2,1"
643,25,2896,"643,1930,965,2896,1448,724,362,181,544,272,136,68,34,17,52,26,13,40,20,10,5,16,8,4,2,1"
644,100,9232,"644,322,161,484,242,121,364,182,91,274,137,412,206,103,310,155,466,233,700,350,175,526,263,790,395,1186,593,1780,890,445,1336,668,334,167,502,251,754,377,1132,566,283,850,425,1276,638,319,958,479,1438,719,2158,1079,3238,1619,4858,2429,7288,3644,1822,911,2734,1367,4102,2051,6154,3077,9232,4616,2308,1154,577,1732,866,433,1300,650,325,976,488,244,122,61,184,92,46,23,70,35,106,53,160,80,40,20,10,5,16,8,4,2,1"
645,100,9232,"645,1936,968,484,242,121,364,182,91,274,137,412,206,103,310,155,466,233,700,350,175,526,263,790,395,1186,593,1780,890,445,1336,668,334,167,502,251,754,377,1132,566,283,850,425,1276,638,319,958,479,1438,719,2158,1079,3238,1619,4858,2429,7288,3644,1822,911,2734,1367,4102,2051,6154,3077,9232,4616,2308,1154,577,1732,866,433,1300,650,325,976,488,244,122,61,184,92,46,23,70,35,106,53,160,80,40,20,10,5,16,8,4,2,1"
646,100,9232,"646,323,970,485,1456,728,364,182,91,274,137,412,206,103,310,155,466,233,700,350,175,526,263,790,395,1186,593,1780,890,445,1336,668,334,167,502,251,754,377,1132,566,283,850,425,1276,638,319,958,479,1438,719,2158,1079,3238,1619,4858,2429,7288,3644,1822,911,2734,1367,4102,2051,6154,3077,9232,4616,2308,1154,577,1732,866,433,1300,650,325,976,488,244,122,61,184,92,46,23,70,35,106,53,160,80,40,20,10,5,16,8,4,2,1"
647,38,4372,"647,1942,971,2914,1457,4372,2186,1093,3280,1640,820,410,205,616,308,154,77,232,116,58,29,88,44,22,11,34,17,52,26,13,40,20,10,5,16,8,4,2,1"
648,25,648,"648,324,162,81,244,122,61,184,92,46,23,70,35,106,53,160,80,40,20,10,5,16,8,4,2,1"
649,144,9232,"649,1948,974,487,1462,731,2194,1097,3292,1646,823,2470,1235,3706,1853,5560,2780,1390,695,2086,1043,3130,1565,4696,2348,1174,587,1762,881,2644,1322,661,1984,992,496,248,124,62,31,94,47,142,71,214,107,322,161,484,242,121,364,182,91,274,137,412,206,103,310,155,466,233,700,350,175,526,263,790,395,1186,593,1780,890,445,1336,668,334,167,502,251,754,377,1132,566,283,850,425,1276,638,319,958,479,1438,719,2158,1079,3238,1619,4858,2429,7288,3644,1822,911,2734,1367,4102,2051,6154,3077,9232,4616,2308,1154,577,1732,866,433,1300,650,325,976,488,244,122,61,184,92,46,23,70,35,106,53,160,80,40,20,10,5,16,8,4,2,1"
650,25,976,"650,325,976,488,244,122,61,184,92,46,23,70,35,106,53,160,80,40,20,10,5,16,8,4,2,1"
651,100,9232,"651,1954,977,2932,1466,733,2200,1100,550,275,826,413,1240,620,310,155,466,233,700,350,175,526,263,790,395,1186,593,1780,890,445,1336,668,334,167,502,251,754,377,1132,566,283,850,425,1276,638,319,958,479,1438,719,2158,1079,3238,1619,4858,2429,7288,3644,1822,911,2734,1367,4102,2051,6154,3077,9232,4616,2308,1154,577,1732,866,433,1300,650,325,976,488,244,122,61,184,92,46,23,70,35,106,53,160,80,40,20,10,5,16,8,4,2,1"
652,25,736,"652,326,163,490,245,736,368,184,92,46,23,70,35,106,53,160,80,40,20,10,5,16,8,4,2,1"
653,25,1960,"653,1960,980,490,245,736,368,184,92,46,23,70,35,106,53,160,80,40,20,10,5,16,8,4,2,1"
654,144,9232,"654,327,982,491,1474,737,2212,1106,553,1660,830,415,1246,623,1870,935,2806,1403,4210,2105,6316,3158,1579,4738,2369,7108,3554,1777,5332,2666,1333,4000,2000,1000,500,250,125,376,188,94,47,142,71,214,107,322,161,484,242,121,364,182,91,274,137,412,206,103,310,155,466,233,700,350,175,526,263,790,395,1186,593,1780,890,445,1336,668,334,167,502,251,754,377,1132,566,283,850,425,1276,638,319,958,479,1438,719,2158,1079,3238,1619,4858,2429,7288,3644,1822,911,2734,1367,4102,2051,6154,3077,9232,4616,2308,1154,577,1732,866,433,1300,650,325,976,488,244,122,61,184,92,46,23,70,35,106,53,160,80,40,20,10,5,16,8,4,2,1"
655,144,9232,"655,1966,983,2950,1475,4426,2213,6640,3320,1660,830,415,1246,623,1870,935,2806,1403,4210,2105,6316,3158,1579,4738,2369,7108,3554,1777,5332,2666,1333,4000,2000,1000,500,250,125,376,188,94,47,142,71,214,107,322,161,484,242,121,364,182,91,274,137,412,206,103,310,155,466,233,700,350,175,526,263,790,395,1186,593,1780,890,445,1336,668,334,167,502,251,754,377,1132,566,283,850,425,1276,638,319,958,479,1438,719,2158,1079,3238,1619,4858,2429,7288,3644,1822,911,2734,1367,4102,2051,6154,3077,9232,4616,2308,1154,577,1732,866,433,1300,650,325,976,488,244,122,61,184,92,46,23,70,35,106,53,160,80,40,20,10,5,16,8,4,2,1"
656,113,9232,"656,328,164,82,41,124,62,31,94,47,142,71,214,107,322,161,484,242,121,364,182,91,274,137,412,206,103,310,155,466,233,700,350,175,526,263,790,395,1186,593,1780,890,445,1336,668,334,167,502,251,754,377,1132,566,283,850,425,1276,638,319,958,479,1438,719,2158,1079,3238,1619,4858,2429,7288,3644,1822,911,2734,1367,4102,2051,6154,3077,9232,4616,2308,1154,577,1732,866,433,1300,650,325,976,488,244,122,61,184,92,46,23,70,35,106,53,160,80,40,20,10,5,16,8,4,2,1"
657,51,1972,"657,1972,986,493,1480,740,370,185,556,278,139,418,209,628,314,157,472,236,118,59,178,89,268,134,67,202,101,304,152,76,38,19,58,29,88,44,22,11,34,17,52,26,13,40,20,10,5,16,8,4,2,1"
658,51,1672,"658,329,988,494,247,742,371,1114,557,1672,836,418,209,628,314,157,472,236,118,59,178,89,268,134,67,202,101,304,152,76,38,19,58,29,88,44,22,11,34,17,52,26,13,40,20,10,5,16,8,4,2,1"
659,51,2968,"659,1978,989,2968,1484,742,371,1114,557,1672,836,418,209,628,314,157,472,236,118,59,178,89,268,134,67,202,101,304,152,76,38,19,58,29,88,44,22,11,34,17,52,26,13,40,20,10,5,16,8,4,2,1"
660,113,9232,"660,330,165,496,248,124,62,31,94,47,142,71,214,107,322,161,484,242,121,364,182,91,274,137,412,206,103,310,155,466,233,700,350,175,526,263,790,395,1186,593,1780,890,445,1336,668,334,167,502,251,754,377,1132,566,283,850,425,1276,638,319,958,479,1438,719,2158,1079,3238,1619,4858,2429,7288,3644,1822,911,2734,1367,4102,2051,6154,3077,9232,4616,2308,1154,577,1732,866,433,1300,650,325,976,488,244,122,61,184,92,46,23,70,35,106,53,160,80,40,20,10,5,16,8,4,2,1"
661,113,9232,"661,1984,992,496,248,124,62,31,94,47,142,71,214,107,322,161,484,242,121,364,182,91,274,137,412,206,103,310,155,466,233,700,350,175,526,263,790,395,1186,593,1780,890,445,1336,668,334,167,502,251,754,377,1132,566,283,850,425,1276,638,319,958,479,1438,719,2158,1079,3238,1619,4858,2429,7288,3644,1822,911,2734,1367,4102,2051,6154,3077,9232,4616,2308,1154,577,1732,866,433,1300,650,325,976,488,244,122,61,184,92,46,23,70,35,106,53,160,80,40,20,10,5,16,8,4,2,1"
662,25,1492,"662,331,994,497,1492,746,373,1120,560,280,140,70,35,106,53,160,80,40,20,10,5,16,8,4,2,1"
663,25,4480,"663,1990,995,2986,1493,4480,2240,1120,560,280,140,70,35,106,53,160,80,40,20,10,5,16,8,4,2,1"
664,113,9232,"664,332,166,83,250,125,376,188,94,47,142,71,214,107,322,161,484,242,121,364,182,91,274,137,412,206,103,310,155,466,233,700,350,175,526,263,790,395,1186,593,1780,890,445,1336,668,334,167,502,251,754,377,1132,566,283,850,425,1276,638,319,958,479,1438,719,2158,1079,3238,1619,4858,2429,7288,3644,1822,911,2734,1367,4102,2051,6154,3077,9232,4616,2308,1154,577,1732,866,433,1300,650,325,976,488,244,122,61,184,92,46,23,70,35,106,53,160,80,40,20,10,5,16,8,4,2,1"
665,51,2248,"665,1996,998,499,1498,749,2248,1124,562,281,844,422,211,634,317,952,476,238,119,358,179,538,269,808,404,202,101,304,152,76,38,19,58,29,88,44,22,11,34,17,52,26,13,40,20,10,5,16,8,4,2,1"
666,113,9232,"666,333,1000,500,250,125,376,188,94,47,142,71,214,107,322,161,484,242,121,364,182,91,274,137,412,206,103,310,155,466,233,700,350,175,526,263,790,395,1186,593,1780,890,445,1336,668,334,167,502,251,754,377,1132,566,283,850,425,1276,638,319,958,479,1438,719,2158,1079,3238,1619,4858,2429,7288,3644,1822,911,2734,1367,4102,2051,6154,3077,9232,4616,2308,1154,577,1732,866,433,1300,650,325,976,488,244,122,61,184,92,46,23,70,35,106,53,160,80,40,20,10,5,16,8,4,2,1"
667,144,21688,"667,2002,1001,3004,1502,751,2254,1127,3382,1691,5074,2537,7612,3806,1903,5710,2855,8566,4283,12850,6425,19276,9638,4819,14458,7229,21688,10844,5422,2711,8134,4067,12202,6101,18304,9152,4576,2288,1144,572,286,143,430,215,646,323,970,485,1456,728,364,182,91,274,137,412,206,103,310,155,466,233,700,350,175,526,263,790,395,1186,593,1780,890,445,1336,668,334,167,502,251,754,377,1132,566,283,850,425,1276,638,319,958,479,1438,719,2158,1079,3238,1619,4858,2429,7288,3644,1822,911,2734,1367,4102,2051,6154,3077,9232,4616,2308,1154,577,1732,866,433,1300,650,325,976,488,244,122,61,184,92,46,23,70,35,106,53,160,80,40,20,10,5,16,8,4,2,1"
668,69,9232,"668,334,167,502,251,754,377,1132,566,283,850,425,1276,638,319,958,479,1438,719,2158,1079,3238,1619,4858,2429,7288,3644,1822,911,2734,1367,4102,2051,6154,3077,9232,4616,2308,1154,577,1732,866,433,1300,650,325,976,488,244,122,61,184,92,46,23,70,35,106,53,160,80,40,20,10,5,16,8,4,2,1"
669,69,9232,"669,2008,1004,502,251,754,377,1132,566,283,850,425,1276,638,319,958,479,1438,719,2158,1079,3238,1619,4858,2429,7288,3644,1822,911,2734,1367,4102,2051,6154,3077,9232,4616,2308,1154,577,1732,866,433,1300,650,325,976,488,244,122,61,184,92,46,23,70,35,106,53,160,80,40,20,10,5,16,8,4,2,1"
670,69,9232,"670,335,1006,503,1510,755,2266,1133,3400,1700,850,425,1276,638,319,958,479,1438,719,2158,1079,3238,1619,4858,2429,7288,3644,1822,911,2734,1367,4102,2051,6154,3077,9232,4616,2308,1154,577,1732,866,433,1300,650,325,976,488,244,122,61,184,92,46,23,70,35,106,53,160,80,40,20,10,5,16,8,4,2,1"
671,95,39364,"671,2014,1007,3022,1511,4534,2267,6802,3401,10204,5102,2551,7654,3827,11482,5741,17224,8612,4306,2153,6460,3230,1615,4846,2423,7270,3635,10906,5453,16360,8180,4090,2045,6136,3068,1534,767,2302,1151,3454,1727,5182,2591,7774,3887,11662,5831,17494,8747,26242,13121,39364,19682,9841,29524,14762,7381,22144,11072,5536,2768,1384,692,346,173,520,260,130,65,196,98,49,148,74,37,112,56,28,14,7,22,11,34,17,52,26,13,40,20,10,5,16,8,4,2,1"
672,12,672,"672,336,168,84,42,21,64,32,16,8,4,2,1"
673,64,2752,"673,2020,1010,505,1516,758,379,1138,569,1708,854,427,1282,641,1924,962,481,1444,722,361,1084,542,271,814,407,1222,611,1834,917,2752,1376,688,344,172,86,43,130,65,196,98,49,148,74,37,112,56,28,14,7,22,11,34,17,52,26,13,40,20,10,5,16,8,4,2,1"
674,113,9232,"674,337,1012,506,253,760,380,190,95,286,143,430,215,646,323,970,485,1456,728,364,182,91,274,137,412,206,103,310,155,466,233,700,350,175,526,263,790,395,1186,593,1780,890,445,1336,668,334,167,502,251,754,377,1132,566,283,850,425,1276,638,319,958,479,1438,719,2158,1079,3238,1619,4858,2429,7288,3644,1822,911,2734,1367,4102,2051,6154,3077,9232,4616,2308,1154,577,1732,866,433,1300,650,325,976,488,244,122,61,184,92,46,23,70,35,106,53,160,80,40,20,10,5,16,8,4,2,1"
675,113,9232,"675,2026,1013,3040,1520,760,380,190,95,286,143,430,215,646,323,970,485,1456,728,364,182,91,274,137,412,206,103,310,155,466,233,700,350,175,526,263,790,395,1186,593,1780,890,445,1336,668,334,167,502,251,754,377,1132,566,283,850,425,1276,638,319,958,479,1438,719,2158,1079,3238,1619,4858,2429,7288,3644,1822,911,2734,1367,4102,2051,6154,3077,9232,4616,2308,1154,577,1732,866,433,1300,650,325,976,488,244,122,61,184,92,46,23,70,35,106,53,160,80,40,20,10,5,16,8,4,2,1"
676,51,4372,"676,338,169,508,254,127,382,191,574,287,862,431,1294,647,1942,971,2914,1457,4372,2186,1093,3280,1640,820,410,205,616,308,154,77,232,116,58,29,88,44,22,11,34,17,52,26,13,40,20,10,5,16,8,4,2,1"
677,51,4372,"677,2032,1016,508,254,127,382,191,574,287,862,431,1294,647,1942,971,2914,1457,4372,2186,1093,3280,1640,820,410,205,616,308,154,77,232,116,58,29,88,44,22,11,34,17,52,26,13,40,20,10,5,16,8,4,2,1"
678,51,4372,"678,339,1018,509,1528,764,382,191,574,287,862,431,1294,647,1942,971,2914,1457,4372,2186,1093,3280,1640,820,410,205,616,308,154,77,232,116,58,29,88,44,22,11,34,17,52,26,13,40,20,10,5,16,8,4,2,1"
679,64,5812,"679,2038,1019,3058,1529,4588,2294,1147,3442,1721,5164,2582,1291,3874,1937,5812,2906,1453,4360,2180,1090,545,1636,818,409,1228,614,307,922,461,1384,692,346,173,520,260,130,65,196,98,49,148,74,37,112,56,28,14,7,22,11,34,17,52,26,13,40,20,10,5,16,8,4,2,1"
680,12,680,"680,340,170,85,256,128,64,32,16,8,4,2,1"
681,64,39364,"681,2044,1022,511,1534,767,2302,1151,3454,1727,5182,2591,7774,3887,11662,5831,17494,8747,26242,13121,39364,19682,9841,29524,14762,7381,22144,11072,5536,2768,1384,692,346,173,520,260,130,65,196,98,49,148,74,37,112,56,28,14,7,22,11,34,17,52,26,13,40,20,10,5,16,8,4,2,1"
682,12,1024,"682,341,1024,512,256,128,64,32,16,8,4,2,1"
683,38,3076,"683,2050,1025,3076,1538,769,2308,1154,577,1732,866,433,1300,650,325,976,488,244,122,61,184,92,46,23,70,35,106,53,160,80,40,20,10,5,16,8,4,2,1"
684,126,9232,"684,342,171,514,257,772,386,193,580,290,145,436,218,109,328,164,82,41,124,62,31,94,47,142,71,214,107,322,161,484,242,121,364,182,91,274,137,412,206,103,310,155,466,233,700,350,175,526,263,790,395,1186,593,1780,890,445,1336,668,334,167,502,251,754,377,1132,566,283,850,425,1276,638,319,958,479,1438,719,2158,1079,3238,1619,4858,2429,7288,3644,1822,911,2734,1367,4102,2051,6154,3077,9232,4616,2308,1154,577,1732,866,433,1300,650,325,976,488,244,122,61,184,92,46,23,70,35,106,53,160,80,40,20,10,5,16,8,4,2,1"
685,126,9232,"685,2056,1028,514,257,772,386,193,580,290,145,436,218,109,328,164,82,41,124,62,31,94,47,142,71,214,107,322,161,484,242,121,364,182,91,274,137,412,206,103,310,155,466,233,700,350,175,526,263,790,395,1186,593,1780,890,445,1336,668,334,167,502,251,754,377,1132,566,283,850,425,1276,638,319,958,479,1438,719,2158,1079,3238,1619,4858,2429,7288,3644,1822,911,2734,1367,4102,2051,6154,3077,9232,4616,2308,1154,577,1732,866,433,1300,650,325,976,488,244,122,61,184,92,46,23,70,35,106,53,160,80,40,20,10,5,16,8,4,2,1"
686,126,9232,"686,343,1030,515,1546,773,2320,1160,580,290,145,436,218,109,328,164,82,41,124,62,31,94,47,142,71,214,107,322,161,484,242,121,364,182,91,274,137,412,206,103,310,155,466,233,700,350,175,526,263,790,395,1186,593,1780,890,445,1336,668,334,167,502,251,754,377,1132,566,283,850,425,1276,638,319,958,479,1438,719,2158,1079,3238,1619,4858,2429,7288,3644,1822,911,2734,1367,4102,2051,6154,3077,9232,4616,2308,1154,577,1732,866,433,1300,650,325,976,488,244,122,61,184,92,46,23,70,35,106,53,160,80,40,20,10,5,16,8,4,2,1"
687,38,6964,"687,2062,1031,3094,1547,4642,2321,6964,3482,1741,5224,2612,1306,653,1960,980,490,245,736,368,184,92,46,23,70,35,106,53,160,80,40,20,10,5,16,8,4,2,1"
688,33,688,"688,344,172,86,43,130,65,196,98,49,148,74,37,112,56,28,14,7,22,11,34,17,52,26,13,40,20,10,5,16,8,4,2,1"
689,126,9232,"689,2068,1034,517,1552,776,388,194,97,292,146,73,220,110,55,166,83,250,125,376,188,94,47,142,71,214,107,322,161,484,242,121,364,182,91,274,137,412,206,103,310,155,466,233,700,350,175,526,263,790,395,1186,593,1780,890,445,1336,668,334,167,502,251,754,377,1132,566,283,850,425,1276,638,319,958,479,1438,719,2158,1079,3238,1619,4858,2429,7288,3644,1822,911,2734,1367,4102,2051,6154,3077,9232,4616,2308,1154,577,1732,866,433,1300,650,325,976,488,244,122,61,184,92,46,23,70,35,106,53,160,80,40,20,10,5,16,8,4,2,1"
690,126,9232,"690,345,1036,518,259,778,389,1168,584,292,146,73,220,110,55,166,83,250,125,376,188,94,47,142,71,214,107,322,161,484,242,121,364,182,91,274,137,412,206,103,310,155,466,233,700,350,175,526,263,790,395,1186,593,1780,890,445,1336,668,334,167,502,251,754,377,1132,566,283,850,425,1276,638,319,958,479,1438,719,2158,1079,3238,1619,4858,2429,7288,3644,1822,911,2734,1367,4102,2051,6154,3077,9232,4616,2308,1154,577,1732,866,433,1300,650,325,976,488,244,122,61,184,92,46,23,70,35,106,53,160,80,40,20,10,5,16,8,4,2,1"
691,126,9232,"691,2074,1037,3112,1556,778,389,1168,584,292,146,73,220,110,55,166,83,250,125,376,188,94,47,142,71,214,107,322,161,484,242,121,364,182,91,274,137,412,206,103,310,155,466,233,700,350,175,526,263,790,395,1186,593,1780,890,445,1336,668,334,167,502,251,754,377,1132,566,283,850,425,1276,638,319,958,479,1438,719,2158,1079,3238,1619,4858,2429,7288,3644,1822,911,2734,1367,4102,2051,6154,3077,9232,4616,2308,1154,577,1732,866,433,1300,650,325,976,488,244,122,61,184,92,46,23,70,35,106,53,160,80,40,20,10,5,16,8,4,2,1"
692,33,692,"692,346,173,520,260,130,65,196,98,49,148,74,37,112,56,28,14,7,22,11,34,17,52,26,13,40,20,10,5,16,8,4,2,1"
693,33,2080,"693,2080,1040,520,260,130,65,196,98,49,148,74,37,112,56,28,14,7,22,11,34,17,52,26,13,40,20,10,5,16,8,4,2,1"
694,126,9232,"694,347,1042,521,1564,782,391,1174,587,1762,881,2644,1322,661,1984,992,496,248,124,62,31,94,47,142,71,214,107,322,161,484,242,121,364,182,91,274,137,412,206,103,310,155,466,233,700,350,175,526,263,790,395,1186,593,1780,890,445,1336,668,334,167,502,251,754,377,1132,566,283,850,425,1276,638,319,958,479,1438,719,2158,1079,3238,1619,4858,2429,7288,3644,1822,911,2734,1367,4102,2051,6154,3077,9232,4616,2308,1154,577,1732,866,433,1300,650,325,976,488,244,122,61,184,92,46,23,70,35,106,53,160,80,40,20,10,5,16,8,4,2,1"
695,126,9232,"695,2086,1043,3130,1565,4696,2348,1174,587,1762,881,2644,1322,661,1984,992,496,248,124,62,31,94,47,142,71,214,107,322,161,484,242,121,364,182,91,274,137,412,206,103,310,155,466,233,700,350,175,526,263,790,395,1186,593,1780,890,445,1336,668,334,167,502,251,754,377,1132,566,283,850,425,1276,638,319,958,479,1438,719,2158,1079,3238,1619,4858,2429,7288,3644,1822,911,2734,1367,4102,2051,6154,3077,9232,4616,2308,1154,577,1732,866,433,1300,650,325,976,488,244,122,61,184,92,46,23,70,35,106,53,160,80,40,20,10,5,16,8,4,2,1"
696,33,696,"696,348,174,87,262,131,394,197,592,296,148,74,37,112,56,28,14,7,22,11,34,17,52,26,13,40,20,10,5,16,8,4,2,1"
697,126,9232,"697,2092,1046,523,1570,785,2356,1178,589,1768,884,442,221,664,332,166,83,250,125,376,188,94,47,142,71,214,107,322,161,484,242,121,364,182,91,274,137,412,206,103,310,155,466,233,700,350,175,526,263,790,395,1186,593,1780,890,445,1336,668,334,167,502,251,754,377,1132,566,283,850,425,1276,638,319,958,479,1438,719,2158,1079,3238,1619,4858,2429,7288,3644,1822,911,2734,1367,4102,2051,6154,3077,9232,4616,2308,1154,577,1732,866,433,1300,650,325,976,488,244,122,61,184,92,46,23,70,35,106,53,160,80,40,20,10,5,16,8,4,2,1"
698,33,1048,"698,349,1048,524,262,131,394,197,592,296,148,74,37,112,56,28,14,7,22,11,34,17,52,26,13,40,20,10,5,16,8,4,2,1"
699,64,3544,"699,2098,1049,3148,1574,787,2362,1181,3544,1772,886,443,1330,665,1996,998,499,1498,749,2248,1124,562,281,844,422,211,634,317,952,476,238,119,358,179,538,269,808,404,202,101,304,152,76,38,19,58,29,88,44,22,11,34,17,52,26,13,40,20,10,5,16,8,4,2,1"
700,82,9232,"700,350,175,526,263,790,395,1186,593,1780,890,445,1336,668,334,167,502,251,754,377,1132,566,283,850,425,1276,638,319,958,479,1438,719,2158,1079,3238,1619,4858,2429,7288,3644,1822,911,2734,1367,4102,2051,6154,3077,9232,4616,2308,1154,577,1732,866,433,1300,650,325,976,488,244,122,61,184,92,46,23,70,35,106,53,160,80,40,20,10,5,16,8,4,2,1"
701,82,9232,"701,2104,1052,526,263,790,395,1186,593,1780,890,445,1336,668,334,167,502,251,754,377,1132,566,283,850,425,1276,638,319,958,479,1438,719,2158,1079,3238,1619,4858,2429,7288,3644,1822,911,2734,1367,4102,2051,6154,3077,9232,4616,2308,1154,577,1732,866,433,1300,650,325,976,488,244,122,61,184,92,46,23,70,35,106,53,160,80,40,20,10,5,16,8,4,2,1"
702,82,9232,"702,351,1054,527,1582,791,2374,1187,3562,1781,5344,2672,1336,668,334,167,502,251,754,377,1132,566,283,850,425,1276,638,319,958,479,1438,719,2158,1079,3238,1619,4858,2429,7288,3644,1822,911,2734,1367,4102,2051,6154,3077,9232,4616,2308,1154,577,1732,866,433,1300,650,325,976,488,244,122,61,184,92,46,23,70,35,106,53,160,80,40,20,10,5,16,8,4,2,1"
703,170,250504,"703,2110,1055,3166,1583,4750,2375,7126,3563,10690,5345,16036,8018,4009,12028,6014,3007,9022,4511,13534,6767,20302,10151,30454,15227,45682,22841,68524,34262,17131,51394,25697,77092,38546,19273,57820,28910,14455,43366,21683,65050,32525,97576,48788,24394,12197,36592,18296,9148,4574,2287,6862,3431,10294,5147,15442,7721,23164,11582,5791,17374,8687,26062,13031,39094,19547,58642,29321,87964,43982,21991,65974,32987,98962,49481,148444,74222,37111,111334,55667,167002,83501,250504,125252,62626,31313,93940,46970,23485,70456,35228,17614,8807,26422,13211,39634,19817,59452,29726,14863,44590,22295,66886,33443,100330,50165,150496,75248,37624,18812,9406,4703,14110,7055,21166,10583,31750,15875,47626,23813,71440,35720,17860,8930,4465,13396,6698,3349,10048,5024,2512,1256,628,314,157,472,236,118,59,178,89,268,134,67,202,101,304,152,76,38,19,58,29,88,44,22,11,34,17,52,26,13,40,20,10,5,16,8,4,2,1"
704,20,704,"704,352,176,88,44,22,11,34,17,52,26,13,40,20,10,5,16,8,4,2,1"
705,33,2116,"705,2116,1058,529,1588,794,397,1192,596,298,149,448,224,112,56,28,14,7,22,11,34,17,52,26,13,40,20,10,5,16,8,4,2,1"
706,126,9232,"706,353,1060,530,265,796,398,199,598,299,898,449,1348,674,337,1012,506,253,760,380,190,95,286,143,430,215,646,323,970,485,1456,728,364,182,91,274,137,412,206,103,310,155,466,233,700,350,175,526,263,790,395,1186,593,1780,890,445,1336,668,334,167,502,251,754,377,1132,566,283,850,425,1276,638,319,958,479,1438,719,2158,1079,3238,1619,4858,2429,7288,3644,1822,911,2734,1367,4102,2051,6154,3077,9232,4616,2308,1154,577,1732,866,433,1300,650,325,976,488,244,122,61,184,92,46,23,70,35,106,53,160,80,40,20,10,5,16,8,4,2,1"
707,126,9232,"707,2122,1061,3184,1592,796,398,199,598,299,898,449,1348,674,337,1012,506,253,760,380,190,95,286,143,430,215,646,323,970,485,1456,728,364,182,91,274,137,412,206,103,310,155,466,233,700,350,175,526,263,790,395,1186,593,1780,890,445,1336,668,334,167,502,251,754,377,1132,566,283,850,425,1276,638,319,958,479,1438,719,2158,1079,3238,1619,4858,2429,7288,3644,1822,911,2734,1367,4102,2051,6154,3077,9232,4616,2308,1154,577,1732,866,433,1300,650,325,976,488,244,122,61,184,92,46,23,70,35,106,53,160,80,40,20,10,5,16,8,4,2,1"
708,33,708,"708,354,177,532,266,133,400,200,100,50,25,76,38,19,58,29,88,44,22,11,34,17,52,26,13,40,20,10,5,16,8,4,2,1"
709,33,2128,"709,2128,1064,532,266,133,400,200,100,50,25,76,38,19,58,29,88,44,22,11,34,17,52,26,13,40,20,10,5,16,8,4,2,1"
710,33,1600,"710,355,1066,533,1600,800,400,200,100,50,25,76,38,19,58,29,88,44,22,11,34,17,52,26,13,40,20,10,5,16,8,4,2,1"
711,64,4804,"711,2134,1067,3202,1601,4804,2402,1201,3604,1802,901,2704,1352,676,338,169,508,254,127,382,191,574,287,862,431,1294,647,1942,971,2914,1457,4372,2186,1093,3280,1640,820,410,205,616,308,154,77,232,116,58,29,88,44,22,11,34,17,52,26,13,40,20,10,5,16,8,4,2,1"
712,33,712,"712,356,178,89,268,134,67,202,101,304,152,76,38,19,58,29,88,44,22,11,34,17,52,26,13,40,20,10,5,16,8,4,2,1"
713,25,3616,"713,2140,1070,535,1606,803,2410,1205,3616,1808,904,452,226,113,340,170,85,256,128,64,32,16,8,4,2,1"
714,33,1072,"714,357,1072,536,268,134,67,202,101,304,152,76,38,19,58,29,88,44,22,11,34,17,52,26,13,40,20,10,5,16,8,4,2,1"
715,25,3220,"715,2146,1073,3220,1610,805,2416,1208,604,302,151,454,227,682,341,1024,512,256,128,64,32,16,8,4,2,1"
716,33,808,"716,358,179,538,269,808,404,202,101,304,152,76,38,19,58,29,88,44,22,11,34,17,52,26,13,40,20,10,5,16,8,4,2,1"
717,33,2152,"717,2152,1076,538,269,808,404,202,101,304,152,76,38,19,58,29,88,44,22,11,34,17,52,26,13,40,20,10,5,16,8,4,2,1"
718,51,9232,"718,359,1078,539,1618,809,2428,1214,607,1822,911,2734,1367,4102,2051,6154,3077,9232,4616,2308,1154,577,1732,866,433,1300,650,325,976,488,244,122,61,184,92,46,23,70,35,106,53,160,80,40,20,10,5,16,8,4,2,1"
719,51,9232,"719,2158,1079,3238,1619,4858,2429,7288,3644,1822,911,2734,1367,4102,2051,6154,3077,9232,4616,2308,1154,577,1732,866,433,1300,650,325,976,488,244,122,61,184,92,46,23,70,35,106,53,160,80,40,20,10,5,16,8,4,2,1"
720,20,720,"720,360,180,90,45,136,68,34,17,52,26,13,40,20,10,5,16,8,4,2,1"
721,46,2164,"721,2164,1082,541,1624,812,406,203,610,305,916,458,229,688,344,172,86,43,130,65,196,98,49,148,74,37,112,56,28,14,7,22,11,34,17,52,26,13,40,20,10,5,16,8,4,2,1"
722,46,2752,"722,361,1084,542,271,814,407,1222,611,1834,917,2752,1376,688,344,172,86,43,130,65,196,98,49,148,74,37,112,56,28,14,7,22,11,34,17,52,26,13,40,20,10,5,16,8,4,2,1"
723,46,3256,"723,2170,1085,3256,1628,814,407,1222,611,1834,917,2752,1376,688,344,172,86,43,130,65,196,98,49,148,74,37,112,56,28,14,7,22,11,34,17,52,26,13,40,20,10,5,16,8,4,2,1"
724,20,724,"724,362,181,544,272,136,68,34,17,52,26,13,40,20,10,5,16,8,4,2,1"
725,20,2176,"725,2176,1088,544,272,136,68,34,17,52,26,13,40,20,10,5,16,8,4,2,1"
726,46,1636,"726,363,1090,545,1636,818,409,1228,614,307,922,461,1384,692,346,173,520,260,130,65,196,98,49,148,74,37,112,56,28,14,7,22,11,34,17,52,26,13,40,20,10,5,16,8,4,2,1"
727,46,4912,"727,2182,1091,3274,1637,4912,2456,1228,614,307,922,461,1384,692,346,173,520,260,130,65,196,98,49,148,74,37,112,56,28,14,7,22,11,34,17,52,26,13,40,20,10,5,16,8,4,2,1"
728,95,9232,"728,364,182,91,274,137,412,206,103,310,155,466,233,700,350,175,526,263,790,395,1186,593,1780,890,445,1336,668,334,167,502,251,754,377,1132,566,283,850,425,1276,638,319,958,479,1438,719,2158,1079,3238,1619,4858,2429,7288,3644,1822,911,2734,1367,4102,2051,6154,3077,9232,4616,2308,1154,577,1732,866,433,1300,650,325,976,488,244,122,61,184,92,46,23,70,35,106,53,160,80,40,20,10,5,16,8,4,2,1"
729,33,2464,"729,2188,1094,547,1642,821,2464,1232,616,308,154,77,232,116,58,29,88,44,22,11,34,17,52,26,13,40,20,10,5,16,8,4,2,1"
730,95,9232,"730,365,1096,548,274,137,412,206,103,310,155,466,233,700,350,175,526,263,790,395,1186,593,1780,890,445,1336,668,334,167,502,251,754,377,1132,566,283,850,425,1276,638,319,958,479,1438,719,2158,1079,3238,1619,4858,2429,7288,3644,1822,911,2734,1367,4102,2051,6154,3077,9232,4616,2308,1154,577,1732,866,433,1300,650,325,976,488,244,122,61,184,92,46,23,70,35,106,53,160,80,40,20,10,5,16,8,4,2,1"
731,139,9232,"731,2194,1097,3292,1646,823,2470,1235,3706,1853,5560,2780,1390,695,2086,1043,3130,1565,4696,2348,1174,587,1762,881,2644,1322,661,1984,992,496,248,124,62,31,94,47,142,71,214,107,322,161,484,242,121,364,182,91,274,137,412,206,103,310,155,466,233,700,350,175,526,263,790,395,1186,593,1780,890,445,1336,668,334,167,502,251,754,377,1132,566,283,850,425,1276,638,319,958,479,1438,719,2158,1079,3238,1619,4858,2429,7288,3644,1822,911,2734,1367,4102,2051,6154,3077,9232,4616,2308,1154,577,1732,866,433,1300,650,325,976,488,244,122,61,184,92,46,23,70,35,106,53,160,80,40,20,10,5,16,8,4,2,1"
732,95,9232,"732,366,183,550,275,826,413,1240,620,310,155,466,233,700,350,175,526,263,790,395,1186,593,1780,890,445,1336,668,334,167,502,251,754,377,1132,566,283,850,425,1276,638,319,958,479,1438,719,2158,1079,3238,1619,4858,2429,7288,3644,1822,911,2734,1367,4102,2051,6154,3077,9232,4616,2308,1154,577,1732,866,433,1300,650,325,976,488,244,122,61,184,92,46,23,70,35,106,53,160,80,40,20,10,5,16,8,4,2,1"
733,95,9232,"733,2200,1100,550,275,826,413,1240,620,310,155,466,233,700,350,175,526,263,790,395,1186,593,1780,890,445,1336,668,334,167,502,251,754,377,1132,566,283,850,425,1276,638,319,958,479,1438,719,2158,1079,3238,1619,4858,2429,7288,3644,1822,911,2734,1367,4102,2051,6154,3077,9232,4616,2308,1154,577,1732,866,433,1300,650,325,976,488,244,122,61,184,92,46,23,70,35,106,53,160,80,40,20,10,5,16,8,4,2,1"
734,46,4192,"734,367,1102,551,1654,827,2482,1241,3724,1862,931,2794,1397,4192,2096,1048,524,262,131,394,197,592,296,148,74,37,112,56,28,14,7,22,11,34,17,52,26,13,40,20,10,5,16,8,4,2,1"
735,46,11176,"735,2206,1103,3310,1655,4966,2483,7450,3725,11176,5588,2794,1397,4192,2096,1048,524,262,131,394,197,592,296,148,74,37,112,56,28,14,7,22,11,34,17,52,26,13,40,20,10,5,16,8,4,2,1"
736,20,736,"736,368,184,92,46,23,70,35,106,53,160,80,40,20,10,5,16,8,4,2,1"
737,139,9232,"737,2212,1106,553,1660,830,415,1246,623,1870,935,2806,1403,4210,2105,6316,3158,1579,4738,2369,7108,3554,1777,5332,2666,1333,4000,2000,1000,500,250,125,376,188,94,47,142,71,214,107,322,161,484,242,121,364,182,91,274,137,412,206,103,310,155,466,233,700,350,175,526,263,790,395,1186,593,1780,890,445,1336,668,334,167,502,251,754,377,1132,566,283,850,425,1276,638,319,958,479,1438,719,2158,1079,3238,1619,4858,2429,7288,3644,1822,911,2734,1367,4102,2051,6154,3077,9232,4616,2308,1154,577,1732,866,433,1300,650,325,976,488,244,122,61,184,92,46,23,70,35,106,53,160,80,40,20,10,5,16,8,4,2,1"
738,20,1108,"738,369,1108,554,277,832,416,208,104,52,26,13,40,20,10,5,16,8,4,2,1"
739,20,3328,"739,2218,1109,3328,1664,832,416,208,104,52,26,13,40,20,10,5,16,8,4,2,1"
740,46,740,"740,370,185,556,278,139,418,209,628,314,157,472,236,118,59,178,89,268,134,67,202,101,304,152,76,38,19,58,29,88,44,22,11,34,17,52,26,13,40,20,10,5,16,8,4,2,1"
741,46,2224,"741,2224,1112,556,278,139,418,209,628,314,157,472,236,118,59,178,89,268,134,67,202,101,304,152,76,38,19,58,29,88,44,22,11,34,17,52,26,13,40,20,10,5,16,8,4,2,1"
742,46,1672,"742,371,1114,557,1672,836,418,209,628,314,157,472,236,118,59,178,89,268,134,67,202,101,304,152,76,38,19,58,29,88,44,22,11,34,17,52,26,13,40,20,10,5,16,8,4,2,1"
743,95,14308,"743,2230,1115,3346,1673,5020,2510,1255,3766,1883,5650,2825,8476,4238,2119,6358,3179,9538,4769,14308,7154,3577,10732,5366,2683,8050,4025,12076,6038,3019,9058,4529,13588,6794,3397,10192,5096,2548,1274,637,1912,956,478,239,718,359,1078,539,1618,809,2428,1214,607,1822,911,2734,1367,4102,2051,6154,3077,9232,4616,2308,1154,577,1732,866,433,1300,650,325,976,488,244,122,61,184,92,46,23,70,35,106,53,160,80,40,20,10,5,16,8,4,2,1"
744,20,744,"744,372,186,93,280,140,70,35,106,53,160,80,40,20,10,5,16,8,4,2,1"
745,90,8080,"745,2236,1118,559,1678,839,2518,1259,3778,1889,5668,2834,1417,4252,2126,1063,3190,1595,4786,2393,7180,3590,1795,5386,2693,8080,4040,2020,1010,505,1516,758,379,1138,569,1708,854,427,1282,641,1924,962,481,1444,722,361,1084,542,271,814,407,1222,611,1834,917,2752,1376,688,344,172,86,43,130,65,196,98,49,148,74,37,112,56,28,14,7,22,11,34,17,52,26,13,40,20,10,5,16,8,4,2,1"
746,20,1120,"746,373,1120,560,280,140,70,35,106,53,160,80,40,20,10,5,16,8,4,2,1"
747,46,4264,"747,2242,1121,3364,1682,841,2524,1262,631,1894,947,2842,1421,4264,2132,1066,533,1600,800,400,200,100,50,25,76,38,19,58,29,88,44,22,11,34,17,52,26,13,40,20,10,5,16,8,4,2,1"
748,46,952,"748,374,187,562,281,844,422,211,634,317,952,476,238,119,358,179,538,269,808,404,202,101,304,152,76,38,19,58,29,88,44,22,11,34,17,52,26,13,40,20,10,5,16,8,4,2,1"
749,46,2248,"749,2248,1124,562,281,844,422,211,634,317,952,476,238,119,358,179,538,269,808,404,202,101,304,152,76,38,19,58,29,88,44,22,11,34,17,52,26,13,40,20,10,5,16,8,4,2,1"
750,46,2536,"750,375,1126,563,1690,845,2536,1268,634,317,952,476,238,119,358,179,538,269,808,404,202,101,304,152,76,38,19,58,29,88,44,22,11,34,17,52,26,13,40,20,10,5,16,8,4,2,1"
751,139,21688,"751,2254,1127,3382,1691,5074,2537,7612,3806,1903,5710,2855,8566,4283,12850,6425,19276,9638,4819,14458,7229,21688,10844,5422,2711,8134,4067,12202,6101,18304,9152,4576,2288,1144,572,286,143,430,215,646,323,970,485,1456,728,364,182,91,274,137,412,206,103,310,155,466,233,700,350,175,526,263,790,395,1186,593,1780,890,445,1336,668,334,167,502,251,754,377,1132,566,283,850,425,1276,638,319,958,479,1438,719,2158,1079,3238,1619,4858,2429,7288,3644,1822,911,2734,1367,4102,2051,6154,3077,9232,4616,2308,1154,577,1732,866,433,1300,650,325,976,488,244,122,61,184,92,46,23,70,35,106,53,160,80,40,20,10,5,16,8,4,2,1"
752,108,9232,"752,376,188,94,47,142,71,214,107,322,161,484,242,121,364,182,91,274,137,412,206,103,310,155,466,233,700,350,175,526,263,790,395,1186,593,1780,890,445,1336,668,334,167,502,251,754,377,1132,566,283,850,425,1276,638,319,958,479,1438,719,2158,1079,3238,1619,4858,2429,7288,3644,1822,911,2734,1367,4102,2051,6154,3077,9232,4616,2308,1154,577,1732,866,433,1300,650,325,976,488,244,122,61,184,92,46,23,70,35,106,53,160,80,40,20,10,5,16,8,4,2,1"
753,20,2260,"753,2260,1130,565,1696,848,424,212,106,53,160,80,40,20,10,5,16,8,4,2,1"
754,64,9232,"754,377,1132,566,283,850,425,1276,638,319,958,479,1438,719,2158,1079,3238,1619,4858,2429,7288,3644,1822,911,2734,1367,4102,2051,6154,3077,9232,4616,2308,1154,577,1732,866,433,1300,650,325,976,488,244,122,61,184,92,46,23,70,35,106,53,160,80,40,20,10,5,16,8,4,2,1"
755,64,9232,"755,2266,1133,3400,1700,850,425,1276,638,319,958,479,1438,719,2158,1079,3238,1619,4858,2429,7288,3644,1822,911,2734,1367,4102,2051,6154,3077,9232,4616,2308,1154,577,1732,866,433,1300,650,325,976,488,244,122,61,184,92,46,23,70,35,106,53,160,80,40,20,10,5,16,8,4,2,1"
756,108,9232,"756,378,189,568,284,142,71,214,107,322,161,484,242,121,364,182,91,274,137,412,206,103,310,155,466,233,700,350,175,526,263,790,395,1186,593,1780,890,445,1336,668,334,167,502,251,754,377,1132,566,283,850,425,1276,638,319,958,479,1438,719,2158,1079,3238,1619,4858,2429,7288,3644,1822,911,2734,1367,4102,2051,6154,3077,9232,4616,2308,1154,577,1732,866,433,1300,650,325,976,488,244,122,61,184,92,46,23,70,35,106,53,160,80,40,20,10,5,16,8,4,2,1"
757,108,9232,"757,2272,1136,568,284,142,71,214,107,322,161,484,242,121,364,182,91,274,137,412,206,103,310,155,466,233,700,350,175,526,263,790,395,1186,593,1780,890,445,1336,668,334,167,502,251,754,377,1132,566,283,850,425,1276,638,319,958,479,1438,719,2158,1079,3238,1619,4858,2429,7288,3644,1822,911,2734,1367,4102,2051,6154,3077,9232,4616,2308,1154,577,1732,866,433,1300,650,325,976,488,244,122,61,184,92,46,23,70,35,106,53,160,80,40,20,10,5,16,8,4,2,1"
758,59,2752,"758,379,1138,569,1708,854,427,1282,641,1924,962,481,1444,722,361,1084,542,271,814,407,1222,611,1834,917,2752,1376,688,344,172,86,43,130,65,196,98,49,148,74,37,112,56,28,14,7,22,11,34,17,52,26,13,40,20,10,5,16,8,4,2,1"
759,59,5128,"759,2278,1139,3418,1709,5128,2564,1282,641,1924,962,481,1444,722,361,1084,542,271,814,407,1222,611,1834,917,2752,1376,688,344,172,86,43,130,65,196,98,49,148,74,37,112,56,28,14,7,22,11,34,17,52,26,13,40,20,10,5,16,8,4,2,1"
760,108,9232,"760,380,190,95,286,143,430,215,646,323,970,485,1456,728,364,182,91,274,137,412,206,103,310,155,466,233,700,350,175,526,263,790,395,1186,593,1780,890,445,1336,668,334,167,502,251,754,377,1132,566,283,850,425,1276,638,319,958,479,1438,719,2158,1079,3238,1619,4858,2429,7288,3644,1822,911,2734,1367,4102,2051,6154,3077,9232,4616,2308,1154,577,1732,866,433,1300,650,325,976,488,244,122,61,184,92,46,23,70,35,106,53,160,80,40,20,10,5,16,8,4,2,1"
761,33,2896,"761,2284,1142,571,1714,857,2572,1286,643,1930,965,2896,1448,724,362,181,544,272,136,68,34,17,52,26,13,40,20,10,5,16,8,4,2,1"
762,108,9232,"762,381,1144,572,286,143,430,215,646,323,970,485,1456,728,364,182,91,274,137,412,206,103,310,155,466,233,700,350,175,526,263,790,395,1186,593,1780,890,445,1336,668,334,167,502,251,754,377,1132,566,283,850,425,1276,638,319,958,479,1438,719,2158,1079,3238,1619,4858,2429,7288,3644,1822,911,2734,1367,4102,2051,6154,3077,9232,4616,2308,1154,577,1732,866,433,1300,650,325,976,488,244,122,61,184,92,46,23,70,35,106,53,160,80,40,20,10,5,16,8,4,2,1"
763,152,9232,"763,2290,1145,3436,1718,859,2578,1289,3868,1934,967,2902,1451,4354,2177,6532,3266,1633,4900,2450,1225,3676,1838,919,2758,1379,4138,2069,6208,3104,1552,776,388,194,97,292,146,73,220,110,55,166,83,250,125,376,188,94,47,142,71,214,107,322,161,484,242,121,364,182,91,274,137,412,206,103,310,155,466,233,700,350,175,526,263,790,395,1186,593,1780,890,445,1336,668,334,167,502,251,754,377,1132,566,283,850,425,1276,638,319,958,479,1438,719,2158,1079,3238,1619,4858,2429,7288,3644,1822,911,2734,1367,4102,2051,6154,3077,9232,4616,2308,1154,577,1732,866,433,1300,650,325,976,488,244,122,61,184,92,46,23,70,35,106,53,160,80,40,20,10,5,16,8,4,2,1"
764,46,4372,"764,382,191,574,287,862,431,1294,647,1942,971,2914,1457,4372,2186,1093,3280,1640,820,410,205,616,308,154,77,232,116,58,29,88,44,22,11,34,17,52,26,13,40,20,10,5,16,8,4,2,1"
765,46,4372,"765,2296,1148,574,287,862,431,1294,647,1942,971,2914,1457,4372,2186,1093,3280,1640,820,410,205,616,308,154,77,232,116,58,29,88,44,22,11,34,17,52,26,13,40,20,10,5,16,8,4,2,1"
766,46,13120,"766,383,1150,575,1726,863,2590,1295,3886,1943,5830,2915,8746,4373,13120,6560,3280,1640,820,410,205,616,308,154,77,232,116,58,29,88,44,22,11,34,17,52,26,13,40,20,10,5,16,8,4,2,1"
767,59,39364,"767,2302,1151,3454,1727,5182,2591,7774,3887,11662,5831,17494,8747,26242,13121,39364,19682,9841,29524,14762,7381,22144,11072,5536,2768,1384,692,346,173,520,260,130,65,196,98,49,148,74,37,112,56,28,14,7,22,11,34,17,52,26,13,40,20,10,5,16,8,4,2,1"
768,15,768,"768,384,192,96,48,24,12,6,3,10,5,16,8,4,2,1"
769,33,2308,"769,2308,1154,577,1732,866,433,1300,650,325,976,488,244,122,61,184,92,46,23,70,35,106,53,160,80,40,20,10,5,16,8,4,2,1"
770,33,1156,"770,385,1156,578,289,868,434,217,652,326,163,490,245,736,368,184,92,46,23,70,35,106,53,160,80,40,20,10,5,16,8,4,2,1"
771,33,3472,"771,2314,1157,3472,1736,868,434,217,652,326,163,490,245,736,368,184,92,46,23,70,35,106,53,160,80,40,20,10,5,16,8,4,2,1"
772,121,9232,"772,386,193,580,290,145,436,218,109,328,164,82,41,124,62,31,94,47,142,71,214,107,322,161,484,242,121,364,182,91,274,137,412,206,103,310,155,466,233,700,350,175,526,263,790,395,1186,593,1780,890,445,1336,668,334,167,502,251,754,377,1132,566,283,850,425,1276,638,319,958,479,1438,719,2158,1079,3238,1619,4858,2429,7288,3644,1822,911,2734,1367,4102,2051,6154,3077,9232,4616,2308,1154,577,1732,866,433,1300,650,325,976,488,244,122,61,184,92,46,23,70,35,106,53,160,80,40,20,10,5,16,8,4,2,1"
773,121,9232,"773,2320,1160,580,290,145,436,218,109,328,164,82,41,124,62,31,94,47,142,71,214,107,322,161,484,242,121,364,182,91,274,137,412,206,103,310,155,466,233,700,350,175,526,263,790,395,1186,593,1780,890,445,1336,668,334,167,502,251,754,377,1132,566,283,850,425,1276,638,319,958,479,1438,719,2158,1079,3238,1619,4858,2429,7288,3644,1822,911,2734,1367,4102,2051,6154,3077,9232,4616,2308,1154,577,1732,866,433,1300,650,325,976,488,244,122,61,184,92,46,23,70,35,106,53,160,80,40,20,10,5,16,8,4,2,1"
774,121,9232,"774,387,1162,581,1744,872,436,218,109,328,164,82,41,124,62,31,94,47,142,71,214,107,322,161,484,242,121,364,182,91,274,137,412,206,103,310,155,466,233,700,350,175,526,263,790,395,1186,593,1780,890,445,1336,668,334,167,502,251,754,377,1132,566,283,850,425,1276,638,319,958,479,1438,719,2158,1079,3238,1619,4858,2429,7288,3644,1822,911,2734,1367,4102,2051,6154,3077,9232,4616,2308,1154,577,1732,866,433,1300,650,325,976,488,244,122,61,184,92,46,23,70,35,106,53,160,80,40,20,10,5,16,8,4,2,1"
775,152,9232,"775,2326,1163,3490,1745,5236,2618,1309,3928,1964,982,491,1474,737,2212,1106,553,1660,830,415,1246,623,1870,935,2806,1403,4210,2105,6316,3158,1579,4738,2369,7108,3554,1777,5332,2666,1333,4000,2000,1000,500,250,125,376,188,94,47,142,71,214,107,322,161,484,242,121,364,182,91,274,137,412,206,103,310,155,466,233,700,350,175,526,263,790,395,1186,593,1780,890,445,1336,668,334,167,502,251,754,377,1132,566,283,850,425,1276,638,319,958,479,1438,719,2158,1079,3238,1619,4858,2429,7288,3644,1822,911,2734,1367,4102,2051,6154,3077,9232,4616,2308,1154,577,1732,866,433,1300,650,325,976,488,244,122,61,184,92,46,23,70,35,106,53,160,80,40,20,10,5,16,8,4,2,1"
776,121,9232,"776,388,194,97,292,146,73,220,110,55,166,83,250,125,376,188,94,47,142,71,214,107,322,161,484,242,121,364,182,91,274,137,412,206,103,310,155,466,233,700,350,175,526,263,790,395,1186,593,1780,890,445,1336,668,334,167,502,251,754,377,1132,566,283,850,425,1276,638,319,958,479,1438,719,2158,1079,3238,1619,4858,2429,7288,3644,1822,911,2734,1367,4102,2051,6154,3077,9232,4616,2308,1154,577,1732,866,433,1300,650,325,976,488,244,122,61,184,92,46,23,70,35,106,53,160,80,40,20,10,5,16,8,4,2,1"
777,33,3940,"777,2332,1166,583,1750,875,2626,1313,3940,1970,985,2956,1478,739,2218,1109,3328,1664,832,416,208,104,52,26,13,40,20,10,5,16,8,4,2,1"
778,121,9232,"778,389,1168,584,292,146,73,220,110,55,166,83,250,125,376,188,94,47,142,71,214,107,322,161,484,242,121,364,182,91,274,137,412,206,103,310,155,466,233,700,350,175,526,263,790,395,1186,593,1780,890,445,1336,668,334,167,502,251,754,377,1132,566,283,850,425,1276,638,319,958,479,1438,719,2158,1079,3238,1619,4858,2429,7288,3644,1822,911,2734,1367,4102,2051,6154,3077,9232,4616,2308,1154,577,1732,866,433,1300,650,325,976,488,244,122,61,184,92,46,23,70,35,106,53,160,80,40,20,10,5,16,8,4,2,1"
779,59,3508,"779,2338,1169,3508,1754,877,2632,1316,658,329,988,494,247,742,371,1114,557,1672,836,418,209,628,314,157,472,236,118,59,178,89,268,134,67,202,101,304,152,76,38,19,58,29,88,44,22,11,34,17,52,26,13,40,20,10,5,16,8,4,2,1"
780,121,9232,"780,390,195,586,293,880,440,220,110,55,166,83,250,125,376,188,94,47,142,71,214,107,322,161,484,242,121,364,182,91,274,137,412,206,103,310,155,466,233,700,350,175,526,263,790,395,1186,593,1780,890,445,1336,668,334,167,502,251,754,377,1132,566,283,850,425,1276,638,319,958,479,1438,719,2158,1079,3238,1619,4858,2429,7288,3644,1822,911,2734,1367,4102,2051,6154,3077,9232,4616,2308,1154,577,1732,866,433,1300,650,325,976,488,244,122,61,184,92,46,23,70,35,106,53,160,80,40,20,10,5,16,8,4,2,1"
781,121,9232,"781,2344,1172,586,293,880,440,220,110,55,166,83,250,125,376,188,94,47,142,71,214,107,322,161,484,242,121,364,182,91,274,137,412,206,103,310,155,466,233,700,350,175,526,263,790,395,1186,593,1780,890,445,1336,668,334,167,502,251,754,377,1132,566,283,850,425,1276,638,319,958,479,1438,719,2158,1079,3238,1619,4858,2429,7288,3644,1822,911,2734,1367,4102,2051,6154,3077,9232,4616,2308,1154,577,1732,866,433,1300,650,325,976,488,244,122,61,184,92,46,23,70,35,106,53,160,80,40,20,10,5,16,8,4,2,1"
782,121,9232,"782,391,1174,587,1762,881,2644,1322,661,1984,992,496,248,124,62,31,94,47,142,71,214,107,322,161,484,242,121,364,182,91,274,137,412,206,103,310,155,466,233,700,350,175,526,263,790,395,1186,593,1780,890,445,1336,668,334,167,502,251,754,377,1132,566,283,850,425,1276,638,319,958,479,1438,719,2158,1079,3238,1619,4858,2429,7288,3644,1822,911,2734,1367,4102,2051,6154,3077,9232,4616,2308,1154,577,1732,866,433,1300,650,325,976,488,244,122,61,184,92,46,23,70,35,106,53,160,80,40,20,10,5,16,8,4,2,1"
783,121,9232,"783,2350,1175,3526,1763,5290,2645,7936,3968,1984,992,496,248,124,62,31,94,47,142,71,214,107,322,161,484,242,121,364,182,91,274,137,412,206,103,310,155,466,233,700,350,175,526,263,790,395,1186,593,1780,890,445,1336,668,334,167,502,251,754,377,1132,566,283,850,425,1276,638,319,958,479,1438,719,2158,1079,3238,1619,4858,2429,7288,3644,1822,911,2734,1367,4102,2051,6154,3077,9232,4616,2308,1154,577,1732,866,433,1300,650,325,976,488,244,122,61,184,92,46,23,70,35,106,53,160,80,40,20,10,5,16,8,4,2,1"
784,28,784,"784,392,196,98,49,148,74,37,112,56,28,14,7,22,11,34,17,52,26,13,40,20,10,5,16,8,4,2,1"
785,121,9232,"785,2356,1178,589,1768,884,442,221,664,332,166,83,250,125,376,188,94,47,142,71,214,107,322,161,484,242,121,364,182,91,274,137,412,206,103,310,155,466,233,700,350,175,526,263,790,395,1186,593,1780,890,445,1336,668,334,167,502,251,754,377,1132,566,283,850,425,1276,638,319,958,479,1438,719,2158,1079,3238,1619,4858,2429,7288,3644,1822,911,2734,1367,4102,2051,6154,3077,9232,4616,2308,1154,577,1732,866,433,1300,650,325,976,488,244,122,61,184,92,46,23,70,35,106,53,160,80,40,20,10,5,16,8,4,2,1"
786,59,2248,"786,393,1180,590,295,886,443,1330,665,1996,998,499,1498,749,2248,1124,562,281,844,422,211,634,317,952,476,238,119,358,179,538,269,808,404,202,101,304,152,76,38,19,58,29,88,44,22,11,34,17,52,26,13,40,20,10,5,16,8,4,2,1"
787,59,3544,"787,2362,1181,3544,1772,886,443,1330,665,1996,998,499,1498,749,2248,1124,562,281,844,422,211,634,317,952,476,238,119,358,179,538,269,808,404,202,101,304,152,76,38,19,58,29,88,44,22,11,34,17,52,26,13,40,20,10,5,16,8,4,2,1"
788,28,788,"788,394,197,592,296,148,74,37,112,56,28,14,7,22,11,34,17,52,26,13,40,20,10,5,16,8,4,2,1"
789,28,2368,"789,2368,1184,592,296,148,74,37,112,56,28,14,7,22,11,34,17,52,26,13,40,20,10,5,16,8,4,2,1"
790,77,9232,"790,395,1186,593,1780,890,445,1336,668,334,167,502,251,754,377,1132,566,283,850,425,1276,638,319,958,479,1438,719,2158,1079,3238,1619,4858,2429,7288,3644,1822,911,2734,1367,4102,2051,6154,3077,9232,4616,2308,1154,577,1732,866,433,1300,650,325,976,488,244,122,61,184,92,46,23,70,35,106,53,160,80,40,20,10,5,16,8,4,2,1"
791,77,9232,"791,2374,1187,3562,1781,5344,2672,1336,668,334,167,502,251,754,377,1132,566,283,850,425,1276,638,319,958,479,1438,719,2158,1079,3238,1619,4858,2429,7288,3644,1822,911,2734,1367,4102,2051,6154,3077,9232,4616,2308,1154,577,1732,866,433,1300,650,325,976,488,244,122,61,184,92,46,23,70,35,106,53,160,80,40,20,10,5,16,8,4,2,1"
792,28,792,"792,396,198,99,298,149,448,224,112,56,28,14,7,22,11,34,17,52,26,13,40,20,10,5,16,8,4,2,1"
793,77,9232,"793,2380,1190,595,1786,893,2680,1340,670,335,1006,503,1510,755,2266,1133,3400,1700,850,425,1276,638,319,958,479,1438,719,2158,1079,3238,1619,4858,2429,7288,3644,1822,911,2734,1367,4102,2051,6154,3077,9232,4616,2308,1154,577,1732,866,433,1300,650,325,976,488,244,122,61,184,92,46,23,70,35,106,53,160,80,40,20,10,5,16,8,4,2,1"
794,28,1192,"794,397,1192,596,298,149,448,224,112,56,28,14,7,22,11,34,17,52,26,13,40,20,10,5,16,8,4,2,1"
795,103,39364,"795,2386,1193,3580,1790,895,2686,1343,4030,2015,6046,3023,9070,4535,13606,6803,20410,10205,30616,15308,7654,3827,11482,5741,17224,8612,4306,2153,6460,3230,1615,4846,2423,7270,3635,10906,5453,16360,8180,4090,2045,6136,3068,1534,767,2302,1151,3454,1727,5182,2591,7774,3887,11662,5831,17494,8747,26242,13121,39364,19682,9841,29524,14762,7381,22144,11072,5536,2768,1384,692,346,173,520,260,130,65,196,98,49,148,74,37,112,56,28,14,7,22,11,34,17,52,26,13,40,20,10,5,16,8,4,2,1"
796,121,9232,"796,398,199,598,299,898,449,1348,674,337,1012,506,253,760,380,190,95,286,143,430,215,646,323,970,485,1456,728,364,182,91,274,137,412,206,103,310,155,466,233,700,350,175,526,263,790,395,1186,593,1780,890,445,1336,668,334,167,502,251,754,377,1132,566,283,850,425,1276,638,319,958,479,1438,719,2158,1079,3238,1619,4858,2429,7288,3644,1822,911,2734,1367,4102,2051,6154,3077,9232,4616,2308,1154,577,1732,866,433,1300,650,325,976,488,244,122,61,184,92,46,23,70,35,106,53,160,80,40,20,10,5,16,8,4,2,1"
797,121,9232,"797,2392,1196,598,299,898,449,1348,674,337,1012,506,253,760,380,190,95,286,143,430,215,646,323,970,485,1456,728,364,182,91,274,137,412,206,103,310,155,466,233,700,350,175,526,263,790,395,1186,593,1780,890,445,1336,668,334,167,502,251,754,377,1132,566,283,850,425,1276,638,319,958,479,1438,719,2158,1079,3238,1619,4858,2429,7288,3644,1822,911,2734,1367,4102,2051,6154,3077,9232,4616,2308,1154,577,1732,866,433,1300,650,325,976,488,244,122,61,184,92,46,23,70,35,106,53,160,80,40,20,10,5,16,8,4,2,1"
798,121,9232,"798,399,1198,599,1798,899,2698,1349,4048,2024,1012,506,253,760,380,190,95,286,143,430,215,646,323,970,485,1456,728,364,182,91,274,137,412,206,103,310,155,466,233,700,350,175,526,263,790,395,1186,593,1780,890,445,1336,668,334,167,502,251,754,377,1132,566,283,850,425,1276,638,319,958,479,1438,719,2158,1079,3238,1619,4858,2429,7288,3644,1822,911,2734,1367,4102,2051,6154,3077,9232,4616,2308,1154,577,1732,866,433,1300,650,325,976,488,244,122,61,184,92,46,23,70,35,106,53,160,80,40,20,10,5,16,8,4,2,1"
799,72,12148,"799,2398,1199,3598,1799,5398,2699,8098,4049,12148,6074,3037,9112,4556,2278,1139,3418,1709,5128,2564,1282,641,1924,962,481,1444,722,361,1084,542,271,814,407,1222,611,1834,917,2752,1376,688,344,172,86,43,130,65,196,98,49,148,74,37,112,56,28,14,7,22,11,34,17,52,26,13,40,20,10,5,16,8,4,2,1"
800,28,800,"800,400,200,100,50,25,76,38,19,58,29,88,44,22,11,34,17,52,26,13,40,20,10,5,16,8,4,2,1"
801,59,4372,"801,2404,1202,601,1804,902,451,1354,677,2032,1016,508,254,127,382,191,574,287,862,431,1294,647,1942,971,2914,1457,4372,2186,1093,3280,1640,820,410,205,616,308,154,77,232,116,58,29,88,44,22,11,34,17,52,26,13,40,20,10,5,16,8,4,2,1"
802,20,1204,"802,401,1204,602,301,904,452,226,113,340,170,85,256,128,64,32,16,8,4,2,1"
803,20,3616,"803,2410,1205,3616,1808,904,452,226,113,340,170,85,256,128,64,32,16,8,4,2,1"
804,20,1024,"804,402,201,604,302,151,454,227,682,341,1024,512,256,128,64,32,16,8,4,2,1"
805,20,2416,"805,2416,1208,604,302,151,454,227,682,341,1024,512,256,128,64,32,16,8,4,2,1"
806,20,1816,"806,403,1210,605,1816,908,454,227,682,341,1024,512,256,128,64,32,16,8,4,2,1"
807,72,39364,"807,2422,1211,3634,1817,5452,2726,1363,4090,2045,6136,3068,1534,767,2302,1151,3454,1727,5182,2591,7774,3887,11662,5831,17494,8747,26242,13121,39364,19682,9841,29524,14762,7381,22144,11072,5536,2768,1384,692,346,173,520,260,130,65,196,98,49,148,74,37,112,56,28,14,7,22,11,34,17,52,26,13,40,20,10,5,16,8,4,2,1"
808,28,808,"808,404,202,101,304,152,76,38,19,58,29,88,44,22,11,34,17,52,26,13,40,20,10,5,16,8,4,2,1"
809,46,9232,"809,2428,1214,607,1822,911,2734,1367,4102,2051,6154,3077,9232,4616,2308,1154,577,1732,866,433,1300,650,325,976,488,244,122,61,184,92,46,23,70,35,106,53,160,80,40,20,10,5,16,8,4,2,1"
810,28,1216,"810,405,1216,608,304,152,76,38,19,58,29,88,44,22,11,34,17,52,26,13,40,20,10,5,16,8,4,2,1"
811,134,9232,"811,2434,1217,3652,1826,913,2740,1370,685,2056,1028,514,257,772,386,193,580,290,145,436,218,109,328,164,82,41,124,62,31,94,47,142,71,214,107,322,161,484,242,121,364,182,91,274,137,412,206,103,310,155,466,233,700,350,175,526,263,790,395,1186,593,1780,890,445,1336,668,334,167,502,251,754,377,1132,566,283,850,425,1276,638,319,958,479,1438,719,2158,1079,3238,1619,4858,2429,7288,3644,1822,911,2734,1367,4102,2051,6154,3077,9232,4616,2308,1154,577,1732,866,433,1300,650,325,976,488,244,122,61,184,92,46,23,70,35,106,53,160,80,40,20,10,5,16,8,4,2,1"
812,41,916,"812,406,203,610,305,916,458,229,688,344,172,86,43,130,65,196,98,49,148,74,37,112,56,28,14,7,22,11,34,17,52,26,13,40,20,10,5,16,8,4,2,1"
813,41,2440,"813,2440,1220,610,305,916,458,229,688,344,172,86,43,130,65,196,98,49,148,74,37,112,56,28,14,7,22,11,34,17,52,26,13,40,20,10,5,16,8,4,2,1"
814,41,2752,"814,407,1222,611,1834,917,2752,1376,688,344,172,86,43,130,65,196,98,49,148,74,37,112,56,28,14,7,22,11,34,17,52,26,13,40,20,10,5,16,8,4,2,1"
815,134,9232,"815,2446,1223,3670,1835,5506,2753,8260,4130,2065,6196,3098,1549,4648,2324,1162,581,1744,872,436,218,109,328,164,82,41,124,62,31,94,47,142,71,214,107,322,161,484,242,121,364,182,91,274,137,412,206,103,310,155,466,233,700,350,175,526,263,790,395,1186,593,1780,890,445,1336,668,334,167,502,251,754,377,1132,566,283,850,425,1276,638,319,958,479,1438,719,2158,1079,3238,1619,4858,2429,7288,3644,1822,911,2734,1367,4102,2051,6154,3077,9232,4616,2308,1154,577,1732,866,433,1300,650,325,976,488,244,122,61,184,92,46,23,70,35,106,53,160,80,40,20,10,5,16,8,4,2,1"
816,28,816,"816,408,204,102,51,154,77,232,116,58,29,88,44,22,11,34,17,52,26,13,40,20,10,5,16,8,4,2,1"
817,41,2452,"817,2452,1226,613,1840,920,460,230,115,346,173,520,260,130,65,196,98,49,148,74,37,112,56,28,14,7,22,11,34,17,52,26,13,40,20,10,5,16,8,4,2,1"
818,41,1384,"818,409,1228,614,307,922,461,1384,692,346,173,520,260,130,65,196,98,49,148,74,37,112,56,28,14,7,22,11,34,17,52,26,13,40,20,10,5,16,8,4,2,1"
819,41,3688,"819,2458,1229,3688,1844,922,461,1384,692,346,173,520,260,130,65,196,98,49,148,74,37,112,56,28,14,7,22,11,34,17,52,26,13,40,20,10,5,16,8,4,2,1"
820,28,820,"820,410,205,616,308,154,77,232,116,58,29,88,44,22,11,34,17,52,26,13,40,20,10,5,16,8,4,2,1"
821,28,2464,"821,2464,1232,616,308,154,77,232,116,58,29,88,44,22,11,34,17,52,26,13,40,20,10,5,16,8,4,2,1"
822,134,9232,"822,411,1234,617,1852,926,463,1390,695,2086,1043,3130,1565,4696,2348,1174,587,1762,881,2644,1322,661,1984,992,496,248,124,62,31,94,47,142,71,214,107,322,161,484,242,121,364,182,91,274,137,412,206,103,310,155,466,233,700,350,175,526,263,790,395,1186,593,1780,890,445,1336,668,334,167,502,251,754,377,1132,566,283,850,425,1276,638,319,958,479,1438,719,2158,1079,3238,1619,4858,2429,7288,3644,1822,911,2734,1367,4102,2051,6154,3077,9232,4616,2308,1154,577,1732,866,433,1300,650,325,976,488,244,122,61,184,92,46,23,70,35,106,53,160,80,40,20,10,5,16,8,4,2,1"
823,134,9232,"823,2470,1235,3706,1853,5560,2780,1390,695,2086,1043,3130,1565,4696,2348,1174,587,1762,881,2644,1322,661,1984,992,496,248,124,62,31,94,47,142,71,214,107,322,161,484,242,121,364,182,91,274,137,412,206,103,310,155,466,233,700,350,175,526,263,790,395,1186,593,1780,890,445,1336,668,334,167,502,251,754,377,1132,566,283,850,425,1276,638,319,958,479,1438,719,2158,1079,3238,1619,4858,2429,7288,3644,1822,911,2734,1367,4102,2051,6154,3077,9232,4616,2308,1154,577,1732,866,433,1300,650,325,976,488,244,122,61,184,92,46,23,70,35,106,53,160,80,40,20,10,5,16,8,4,2,1"
824,90,9232,"824,412,206,103,310,155,466,233,700,350,175,526,263,790,395,1186,593,1780,890,445,1336,668,334,167,502,251,754,377,1132,566,283,850,425,1276,638,319,958,479,1438,719,2158,1079,3238,1619,4858,2429,7288,3644,1822,911,2734,1367,4102,2051,6154,3077,9232,4616,2308,1154,577,1732,866,433,1300,650,325,976,488,244,122,61,184,92,46,23,70,35,106,53,160,80,40,20,10,5,16,8,4,2,1"
825,134,9232,"825,2476,1238,619,1858,929,2788,1394,697,2092,1046,523,1570,785,2356,1178,589,1768,884,442,221,664,332,166,83,250,125,376,188,94,47,142,71,214,107,322,161,484,242,121,364,182,91,274,137,412,206,103,310,155,466,233,700,350,175,526,263,790,395,1186,593,1780,890,445,1336,668,334,167,502,251,754,377,1132,566,283,850,425,1276,638,319,958,479,1438,719,2158,1079,3238,1619,4858,2429,7288,3644,1822,911,2734,1367,4102,2051,6154,3077,9232,4616,2308,1154,577,1732,866,433,1300,650,325,976,488,244,122,61,184,92,46,23,70,35,106,53,160,80,40,20,10,5,16,8,4,2,1"
826,90,9232,"826,413,1240,620,310,155,466,233,700,350,175,526,263,790,395,1186,593,1780,890,445,1336,668,334,167,502,251,754,377,1132,566,283,850,425,1276,638,319,958,479,1438,719,2158,1079,3238,1619,4858,2429,7288,3644,1822,911,2734,1367,4102,2051,6154,3077,9232,4616,2308,1154,577,1732,866,433,1300,650,325,976,488,244,122,61,184,92,46,23,70,35,106,53,160,80,40,20,10,5,16,8,4,2,1"
827,41,4192,"827,2482,1241,3724,1862,931,2794,1397,4192,2096,1048,524,262,131,394,197,592,296,148,74,37,112,56,28,14,7,22,11,34,17,52,26,13,40,20,10,5,16,8,4,2,1"
828,90,9232,"828,414,207,622,311,934,467,1402,701,2104,1052,526,263,790,395,1186,593,1780,890,445,1336,668,334,167,502,251,754,377,1132,566,283,850,425,1276,638,319,958,479,1438,719,2158,1079,3238,1619,4858,2429,7288,3644,1822,911,2734,1367,4102,2051,6154,3077,9232,4616,2308,1154,577,1732,866,433,1300,650,325,976,488,244,122,61,184,92,46,23,70,35,106,53,160,80,40,20,10,5,16,8,4,2,1"
829,90,9232,"829,2488,1244,622,311,934,467,1402,701,2104,1052,526,263,790,395,1186,593,1780,890,445,1336,668,334,167,502,251,754,377,1132,566,283,850,425,1276,638,319,958,479,1438,719,2158,1079,3238,1619,4858,2429,7288,3644,1822,911,2734,1367,4102,2051,6154,3077,9232,4616,2308,1154,577,1732,866,433,1300,650,325,976,488,244,122,61,184,92,46,23,70,35,106,53,160,80,40,20,10,5,16,8,4,2,1"
830,134,9232,"830,415,1246,623,1870,935,2806,1403,4210,2105,6316,3158,1579,4738,2369,7108,3554,1777,5332,2666,1333,4000,2000,1000,500,250,125,376,188,94,47,142,71,214,107,322,161,484,242,121,364,182,91,274,137,412,206,103,310,155,466,233,700,350,175,526,263,790,395,1186,593,1780,890,445,1336,668,334,167,502,251,754,377,1132,566,283,850,425,1276,638,319,958,479,1438,719,2158,1079,3238,1619,4858,2429,7288,3644,1822,911,2734,1367,4102,2051,6154,3077,9232,4616,2308,1154,577,1732,866,433,1300,650,325,976,488,244,122,61,184,92,46,23,70,35,106,53,160,80,40,20,10,5,16,8,4,2,1"
831,134,18952,"831,2494,1247,3742,1871,5614,2807,8422,4211,12634,6317,18952,9476,4738,2369,7108,3554,1777,5332,2666,1333,4000,2000,1000,500,250,125,376,188,94,47,142,71,214,107,322,161,484,242,121,364,182,91,274,137,412,206,103,310,155,466,233,700,350,175,526,263,790,395,1186,593,1780,890,445,1336,668,334,167,502,251,754,377,1132,566,283,850,425,1276,638,319,958,479,1438,719,2158,1079,3238,1619,4858,2429,7288,3644,1822,911,2734,1367,4102,2051,6154,3077,9232,4616,2308,1154,577,1732,866,433,1300,650,325,976,488,244,122,61,184,92,46,23,70,35,106,53,160,80,40,20,10,5,16,8,4,2,1"
832,15,832,"832,416,208,104,52,26,13,40,20,10,5,16,8,4,2,1"
833,28,2500,"833,2500,1250,625,1876,938,469,1408,704,352,176,88,44,22,11,34,17,52,26,13,40,20,10,5,16,8,4,2,1"
834,134,9232,"834,417,1252,626,313,940,470,235,706,353,1060,530,265,796,398,199,598,299,898,449,1348,674,337,1012,506,253,760,380,190,95,286,143,430,215,646,323,970,485,1456,728,364,182,91,274,137,412,206,103,310,155,466,233,700,350,175,526,263,790,395,1186,593,1780,890,445,1336,668,334,167,502,251,754,377,1132,566,283,850,425,1276,638,319,958,479,1438,719,2158,1079,3238,1619,4858,2429,7288,3644,1822,911,2734,1367,4102,2051,6154,3077,9232,4616,2308,1154,577,1732,866,433,1300,650,325,976,488,244,122,61,184,92,46,23,70,35,106,53,160,80,40,20,10,5,16,8,4,2,1"
835,134,9232,"835,2506,1253,3760,1880,940,470,235,706,353,1060,530,265,796,398,199,598,299,898,449,1348,674,337,1012,506,253,760,380,190,95,286,143,430,215,646,323,970,485,1456,728,364,182,91,274,137,412,206,103,310,155,466,233,700,350,175,526,263,790,395,1186,593,1780,890,445,1336,668,334,167,502,251,754,377,1132,566,283,850,425,1276,638,319,958,479,1438,719,2158,1079,3238,1619,4858,2429,7288,3644,1822,911,2734,1367,4102,2051,6154,3077,9232,4616,2308,1154,577,1732,866,433,1300,650,325,976,488,244,122,61,184,92,46,23,70,35,106,53,160,80,40,20,10,5,16,8,4,2,1"
836,41,836,"836,418,209,628,314,157,472,236,118,59,178,89,268,134,67,202,101,304,152,76,38,19,58,29,88,44,22,11,34,17,52,26,13,40,20,10,5,16,8,4,2,1"
837,41,2512,"837,2512,1256,628,314,157,472,236,118,59,178,89,268,134,67,202,101,304,152,76,38,19,58,29,88,44,22,11,34,17,52,26,13,40,20,10,5,16,8,4,2,1"
838,41,1888,"838,419,1258,629,1888,944,472,236,118,59,178,89,268,134,67,202,101,304,152,76,38,19,58,29,88,44,22,11,34,17,52,26,13,40,20,10,5,16,8,4,2,1"
839,85,8080,"839,2518,1259,3778,1889,5668,2834,1417,4252,2126,1063,3190,1595,4786,2393,7180,3590,1795,5386,2693,8080,4040,2020,1010,505,1516,758,379,1138,569,1708,854,427,1282,641,1924,962,481,1444,722,361,1084,542,271,814,407,1222,611,1834,917,2752,1376,688,344,172,86,43,130,65,196,98,49,148,74,37,112,56,28,14,7,22,11,34,17,52,26,13,40,20,10,5,16,8,4,2,1"
840,41,840,"840,420,210,105,316,158,79,238,119,358,179,538,269,808,404,202,101,304,152,76,38,19,58,29,88,44,22,11,34,17,52,26,13,40,20,10,5,16,8,4,2,1"
841,41,4264,"841,2524,1262,631,1894,947,2842,1421,4264,2132,1066,533,1600,800,400,200,100,50,25,76,38,19,58,29,88,44,22,11,34,17,52,26,13,40,20,10,5,16,8,4,2,1"
842,41,1264,"842,421,1264,632,316,158,79,238,119,358,179,538,269,808,404,202,101,304,152,76,38,19,58,29,88,44,22,11,34,17,52,26,13,40,20,10,5,16,8,4,2,1"
843,41,3796,"843,2530,1265,3796,1898,949,2848,1424,712,356,178,89,268,134,67,202,101,304,152,76,38,19,58,29,88,44,22,11,34,17,52,26,13,40,20,10,5,16,8,4,2,1"
844,41,952,"844,422,211,634,317,952,476,238,119,358,179,538,269,808,404,202,101,304,152,76,38,19,58,29,88,44,22,11,34,17,52,26,13,40,20,10,5,16,8,4,2,1"
845,41,2536,"845,2536,1268,634,317,952,476,238,119,358,179,538,269,808,404,202,101,304,152,76,38,19,58,29,88,44,22,11,34,17,52,26,13,40,20,10,5,16,8,4,2,1"
846,33,3220,"846,423,1270,635,1906,953,2860,1430,715,2146,1073,3220,1610,805,2416,1208,604,302,151,454,227,682,341,1024,512,256,128,64,32,16,8,4,2,1"
847,33,8584,"847,2542,1271,3814,1907,5722,2861,8584,4292,2146,1073,3220,1610,805,2416,1208,604,302,151,454,227,682,341,1024,512,256,128,64,32,16,8,4,2,1"
848,15,848,"848,424,212,106,53,160,80,40,20,10,5,16,8,4,2,1"
849,59,9232,"849,2548,1274,637,1912,956,478,239,718,359,1078,539,1618,809,2428,1214,607,1822,911,2734,1367,4102,2051,6154,3077,9232,4616,2308,1154,577,1732,866,433,1300,650,325,976,488,244,122,61,184,92,46,23,70,35,106,53,160,80,40,20,10,5,16,8,4,2,1"
850,59,9232,"850,425,1276,638,319,958,479,1438,719,2158,1079,3238,1619,4858,2429,7288,3644,1822,911,2734,1367,4102,2051,6154,3077,9232,4616,2308,1154,577,1732,866,433,1300,650,325,976,488,244,122,61,184,92,46,23,70,35,106,53,160,80,40,20,10,5,16,8,4,2,1"
851,59,9232,"851,2554,1277,3832,1916,958,479,1438,719,2158,1079,3238,1619,4858,2429,7288,3644,1822,911,2734,1367,4102,2051,6154,3077,9232,4616,2308,1154,577,1732,866,433,1300,650,325,976,488,244,122,61,184,92,46,23,70,35,106,53,160,80,40,20,10,5,16,8,4,2,1"
852,15,852,"852,426,213,640,320,160,80,40,20,10,5,16,8,4,2,1"
853,15,2560,"853,2560,1280,640,320,160,80,40,20,10,5,16,8,4,2,1"
854,54,2752,"854,427,1282,641,1924,962,481,1444,722,361,1084,542,271,814,407,1222,611,1834,917,2752,1376,688,344,172,86,43,130,65,196,98,49,148,74,37,112,56,28,14,7,22,11,34,17,52,26,13,40,20,10,5,16,8,4,2,1"
855,54,5776,"855,2566,1283,3850,1925,5776,2888,1444,722,361,1084,542,271,814,407,1222,611,1834,917,2752,1376,688,344,172,86,43,130,65,196,98,49,148,74,37,112,56,28,14,7,22,11,34,17,52,26,13,40,20,10,5,16,8,4,2,1"
856,103,9232,"856,428,214,107,322,161,484,242,121,364,182,91,274,137,412,206,103,310,155,466,233,700,350,175,526,263,790,395,1186,593,1780,890,445,1336,668,334,167,502,251,754,377,1132,566,283,850,425,1276,638,319,958,479,1438,719,2158,1079,3238,1619,4858,2429,7288,3644,1822,911,2734,1367,4102,2051,6154,3077,9232,4616,2308,1154,577,1732,866,433,1300,650,325,976,488,244,122,61,184,92,46,23,70,35,106,53,160,80,40,20,10,5,16,8,4,2,1"
857,28,2896,"857,2572,1286,643,1930,965,2896,1448,724,362,181,544,272,136,68,34,17,52,26,13,40,20,10,5,16,8,4,2,1"
858,103,9232,"858,429,1288,644,322,161,484,242,121,364,182,91,274,137,412,206,103,310,155,466,233,700,350,175,526,263,790,395,1186,593,1780,890,445,1336,668,334,167,502,251,754,377,1132,566,283,850,425,1276,638,319,958,479,1438,719,2158,1079,3238,1619,4858,2429,7288,3644,1822,911,2734,1367,4102,2051,6154,3077,9232,4616,2308,1154,577,1732,866,433,1300,650,325,976,488,244,122,61,184,92,46,23,70,35,106,53,160,80,40,20,10,5,16,8,4,2,1"
859,147,9232,"859,2578,1289,3868,1934,967,2902,1451,4354,2177,6532,3266,1633,4900,2450,1225,3676,1838,919,2758,1379,4138,2069,6208,3104,1552,776,388,194,97,292,146,73,220,110,55,166,83,250,125,376,188,94,47,142,71,214,107,322,161,484,242,121,364,182,91,274,137,412,206,103,310,155,466,233,700,350,175,526,263,790,395,1186,593,1780,890,445,1336,668,334,167,502,251,754,377,1132,566,283,850,425,1276,638,319,958,479,1438,719,2158,1079,3238,1619,4858,2429,7288,3644,1822,911,2734,1367,4102,2051,6154,3077,9232,4616,2308,1154,577,1732,866,433,1300,650,325,976,488,244,122,61,184,92,46,23,70,35,106,53,160,80,40,20,10,5,16,8,4,2,1"
860,103,9232,"860,430,215,646,323,970,485,1456,728,364,182,91,274,137,412,206,103,310,155,466,233,700,350,175,526,263,790,395,1186,593,1780,890,445,1336,668,334,167,502,251,754,377,1132,566,283,850,425,1276,638,319,958,479,1438,719,2158,1079,3238,1619,4858,2429,7288,3644,1822,911,2734,1367,4102,2051,6154,3077,9232,4616,2308,1154,577,1732,866,433,1300,650,325,976,488,244,122,61,184,92,46,23,70,35,106,53,160,80,40,20,10,5,16,8,4,2,1"
861,103,9232,"861,2584,1292,646,323,970,485,1456,728,364,182,91,274,137,412,206,103,310,155,466,233,700,350,175,526,263,790,395,1186,593,1780,890,445,1336,668,334,167,502,251,754,377,1132,566,283,850,425,1276,638,319,958,479,1438,719,2158,1079,3238,1619,4858,2429,7288,3644,1822,911,2734,1367,4102,2051,6154,3077,9232,4616,2308,1154,577,1732,866,433,1300,650,325,976,488,244,122,61,184,92,46,23,70,35,106,53,160,80,40,20,10,5,16,8,4,2,1"
862,41,4372,"862,431,1294,647,1942,971,2914,1457,4372,2186,1093,3280,1640,820,410,205,616,308,154,77,232,116,58,29,88,44,22,11,34,17,52,26,13,40,20,10,5,16,8,4,2,1"
863,41,13120,"863,2590,1295,3886,1943,5830,2915,8746,4373,13120,6560,3280,1640,820,410,205,616,308,154,77,232,116,58,29,88,44,22,11,34,17,52,26,13,40,20,10,5,16,8,4,2,1"
864,116,9232,"864,432,216,108,54,27,82,41,124,62,31,94,47,142,71,214,107,322,161,484,242,121,364,182,91,274,137,412,206,103,310,155,466,233,700,350,175,526,263,790,395,1186,593,1780,890,445,1336,668,334,167,502,251,754,377,1132,566,283,850,425,1276,638,319,958,479,1438,719,2158,1079,3238,1619,4858,2429,7288,3644,1822,911,2734,1367,4102,2051,6154,3077,9232,4616,2308,1154,577,1732,866,433,1300,650,325,976,488,244,122,61,184,92,46,23,70,35,106,53,160,80,40,20,10,5,16,8,4,2,1"
865,147,9232,"865,2596,1298,649,1948,974,487,1462,731,2194,1097,3292,1646,823,2470,1235,3706,1853,5560,2780,1390,695,2086,1043,3130,1565,4696,2348,1174,587,1762,881,2644,1322,661,1984,992,496,248,124,62,31,94,47,142,71,214,107,322,161,484,242,121,364,182,91,274,137,412,206,103,310,155,466,233,700,350,175,526,263,790,395,1186,593,1780,890,445,1336,668,334,167,502,251,754,377,1132,566,283,850,425,1276,638,319,958,479,1438,719,2158,1079,3238,1619,4858,2429,7288,3644,1822,911,2734,1367,4102,2051,6154,3077,9232,4616,2308,1154,577,1732,866,433,1300,650,325,976,488,244,122,61,184,92,46,23,70,35,106,53,160,80,40,20,10,5,16,8,4,2,1"
866,28,1300,"866,433,1300,650,325,976,488,244,122,61,184,92,46,23,70,35,106,53,160,80,40,20,10,5,16,8,4,2,1"
867,28,3904,"867,2602,1301,3904,1952,976,488,244,122,61,184,92,46,23,70,35,106,53,160,80,40,20,10,5,16,8,4,2,1"
868,28,868,"868,434,217,652,326,163,490,245,736,368,184,92,46,23,70,35,106,53,160,80,40,20,10,5,16,8,4,2,1"
869,28,2608,"869,2608,1304,652,326,163,490,245,736,368,184,92,46,23,70,35,106,53,160,80,40,20,10,5,16,8,4,2,1"
870,28,1960,"870,435,1306,653,1960,980,490,245,736,368,184,92,46,23,70,35,106,53,160,80,40,20,10,5,16,8,4,2,1"
871,178,190996,"871,2614,1307,3922,1961,5884,2942,1471,4414,2207,6622,3311,9934,4967,14902,7451,22354,11177,33532,16766,8383,25150,12575,37726,18863,56590,28295,84886,42443,127330,63665,190996,95498,47749,143248,71624,35812,17906,8953,26860,13430,6715,20146,10073,30220,15110,7555,22666,11333,34000,17000,8500,4250,2125,6376,3188,1594,797,2392,1196,598,299,898,449,1348,674,337,1012,506,253,760,380,190,95,286,143,430,215,646,323,970,485,1456,728,364,182,91,274,137,412,206,103,310,155,466,233,700,350,175,526,263,790,395,1186,593,1780,890,445,1336,668,334,167,502,251,754,377,1132,566,283,850,425,1276,638,319,958,479,1438,719,2158,1079,3238,1619,4858,2429,7288,3644,1822,911,2734,1367,4102,2051,6154,3077,9232,4616,2308,1154,577,1732,866,433,1300,650,325,976,488,244,122,61,184,92,46,23,70,35,106,53,160,80,40,20,10,5,16,8,4,2,1"
872,116,9232,"872,436,218,109,328,164,82,41,124,62,31,94,47,142,71,214,107,322,161,484,242,121,364,182,91,274,137,412,206,103,310,155,466,233,700,350,175,526,263,790,395,1186,593,1780,890,445,1336,668,334,167,502,251,754,377,1132,566,283,850,425,1276,638,319,958,479,1438,719,2158,1079,3238,1619,4858,2429,7288,3644,1822,911,2734,1367,4102,2051,6154,3077,9232,4616,2308,1154,577,1732,866,433,1300,650,325,976,488,244,122,61,184,92,46,23,70,35,106,53,160,80,40,20,10,5,16,8,4,2,1"
873,147,9232,"873,2620,1310,655,1966,983,2950,1475,4426,2213,6640,3320,1660,830,415,1246,623,1870,935,2806,1403,4210,2105,6316,3158,1579,4738,2369,7108,3554,1777,5332,2666,1333,4000,2000,1000,500,250,125,376,188,94,47,142,71,214,107,322,161,484,242,121,364,182,91,274,137,412,206,103,310,155,466,233,700,350,175,526,263,790,395,1186,593,1780,890,445,1336,668,334,167,502,251,754,377,1132,566,283,850,425,1276,638,319,958,479,1438,719,2158,1079,3238,1619,4858,2429,7288,3644,1822,911,2734,1367,4102,2051,6154,3077,9232,4616,2308,1154,577,1732,866,433,1300,650,325,976,488,244,122,61,184,92,46,23,70,35,106,53,160,80,40,20,10,5,16,8,4,2,1"
874,116,9232,"874,437,1312,656,328,164,82,41,124,62,31,94,47,142,71,214,107,322,161,484,242,121,364,182,91,274,137,412,206,103,310,155,466,233,700,350,175,526,263,790,395,1186,593,1780,890,445,1336,668,334,167,502,251,754,377,1132,566,283,850,425,1276,638,319,958,479,1438,719,2158,1079,3238,1619,4858,2429,7288,3644,1822,911,2734,1367,4102,2051,6154,3077,9232,4616,2308,1154,577,1732,866,433,1300,650,325,976,488,244,122,61,184,92,46,23,70,35,106,53,160,80,40,20,10,5,16,8,4,2,1"
875,28,3940,"875,2626,1313,3940,1970,985,2956,1478,739,2218,1109,3328,1664,832,416,208,104,52,26,13,40,20,10,5,16,8,4,2,1"
876,54,1672,"876,438,219,658,329,988,494,247,742,371,1114,557,1672,836,418,209,628,314,157,472,236,118,59,178,89,268,134,67,202,101,304,152,76,38,19,58,29,88,44,22,11,34,17,52,26,13,40,20,10,5,16,8,4,2,1"
877,54,2632,"877,2632,1316,658,329,988,494,247,742,371,1114,557,1672,836,418,209,628,314,157,472,236,118,59,178,89,268,134,67,202,101,304,152,76,38,19,58,29,88,44,22,11,34,17,52,26,13,40,20,10,5,16,8,4,2,1"
878,54,2968,"878,439,1318,659,1978,989,2968,1484,742,371,1114,557,1672,836,418,209,628,314,157,472,236,118,59,178,89,268,134,67,202,101,304,152,76,38,19,58,29,88,44,22,11,34,17,52,26,13,40,20,10,5,16,8,4,2,1"
879,147,10024,"879,2638,1319,3958,1979,5938,2969,8908,4454,2227,6682,3341,10024,5012,2506,1253,3760,1880,940,470,235,706,353,1060,530,265,796,398,199,598,299,898,449,1348,674,337,1012,506,253,760,380,190,95,286,143,430,215,646,323,970,485,1456,728,364,182,91,274,137,412,206,103,310,155,466,233,700,350,175,526,263,790,395,1186,593,1780,890,445,1336,668,334,167,502,251,754,377,1132,566,283,850,425,1276,638,319,958,479,1438,719,2158,1079,3238,1619,4858,2429,7288,3644,1822,911,2734,1367,4102,2051,6154,3077,9232,4616,2308,1154,577,1732,866,433,1300,650,325,976,488,244,122,61,184,92,46,23,70,35,106,53,160,80,40,20,10,5,16,8,4,2,1"
880,116,9232,"880,440,220,110,55,166,83,250,125,376,188,94,47,142,71,214,107,322,161,484,242,121,364,182,91,274,137,412,206,103,310,155,466,233,700,350,175,526,263,790,395,1186,593,1780,890,445,1336,668,334,167,502,251,754,377,1132,566,283,850,425,1276,638,319,958,479,1438,719,2158,1079,3238,1619,4858,2429,7288,3644,1822,911,2734,1367,4102,2051,6154,3077,9232,4616,2308,1154,577,1732,866,433,1300,650,325,976,488,244,122,61,184,92,46,23,70,35,106,53,160,80,40,20,10,5,16,8,4,2,1"
881,116,9232,"881,2644,1322,661,1984,992,496,248,124,62,31,94,47,142,71,214,107,322,161,484,242,121,364,182,91,274,137,412,206,103,310,155,466,233,700,350,175,526,263,790,395,1186,593,1780,890,445,1336,668,334,167,502,251,754,377,1132,566,283,850,425,1276,638,319,958,479,1438,719,2158,1079,3238,1619,4858,2429,7288,3644,1822,911,2734,1367,4102,2051,6154,3077,9232,4616,2308,1154,577,1732,866,433,1300,650,325,976,488,244,122,61,184,92,46,23,70,35,106,53,160,80,40,20,10,5,16,8,4,2,1"
882,28,1492,"882,441,1324,662,331,994,497,1492,746,373,1120,560,280,140,70,35,106,53,160,80,40,20,10,5,16,8,4,2,1"
883,28,3976,"883,2650,1325,3976,1988,994,497,1492,746,373,1120,560,280,140,70,35,106,53,160,80,40,20,10,5,16,8,4,2,1"
884,116,9232,"884,442,221,664,332,166,83,250,125,376,188,94,47,142,71,214,107,322,161,484,242,121,364,182,91,274,137,412,206,103,310,155,466,233,700,350,175,526,263,790,395,1186,593,1780,890,445,1336,668,334,167,502,251,754,377,1132,566,283,850,425,1276,638,319,958,479,1438,719,2158,1079,3238,1619,4858,2429,7288,3644,1822,911,2734,1367,4102,2051,6154,3077,9232,4616,2308,1154,577,1732,866,433,1300,650,325,976,488,244,122,61,184,92,46,23,70,35,106,53,160,80,40,20,10,5,16,8,4,2,1"
885,116,9232,"885,2656,1328,664,332,166,83,250,125,376,188,94,47,142,71,214,107,322,161,484,242,121,364,182,91,274,137,412,206,103,310,155,466,233,700,350,175,526,263,790,395,1186,593,1780,890,445,1336,668,334,167,502,251,754,377,1132,566,283,850,425,1276,638,319,958,479,1438,719,2158,1079,3238,1619,4858,2429,7288,3644,1822,911,2734,1367,4102,2051,6154,3077,9232,4616,2308,1154,577,1732,866,433,1300,650,325,976,488,244,122,61,184,92,46,23,70,35,106,53,160,80,40,20,10,5,16,8,4,2,1"
886,54,2248,"886,443,1330,665,1996,998,499,1498,749,2248,1124,562,281,844,422,211,634,317,952,476,238,119,358,179,538,269,808,404,202,101,304,152,76,38,19,58,29,88,44,22,11,34,17,52,26,13,40,20,10,5,16,8,4,2,1"
887,54,5992,"887,2662,1331,3994,1997,5992,2996,1498,749,2248,1124,562,281,844,422,211,634,317,952,476,238,119,358,179,538,269,808,404,202,101,304,152,76,38,19,58,29,88,44,22,11,34,17,52,26,13,40,20,10,5,16,8,4,2,1"
888,72,9232,"888,444,222,111,334,167,502,251,754,377,1132,566,283,850,425,1276,638,319,958,479,1438,719,2158,1079,3238,1619,4858,2429,7288,3644,1822,911,2734,1367,4102,2051,6154,3077,9232,4616,2308,1154,577,1732,866,433,1300,650,325,976,488,244,122,61,184,92,46,23,70,35,106,53,160,80,40,20,10,5,16,8,4,2,1"
889,147,21688,"889,2668,1334,667,2002,1001,3004,1502,751,2254,1127,3382,1691,5074,2537,7612,3806,1903,5710,2855,8566,4283,12850,6425,19276,9638,4819,14458,7229,21688,10844,5422,2711,8134,4067,12202,6101,18304,9152,4576,2288,1144,572,286,143,430,215,646,323,970,485,1456,728,364,182,91,274,137,412,206,103,310,155,466,233,700,350,175,526,263,790,395,1186,593,1780,890,445,1336,668,334,167,502,251,754,377,1132,566,283,850,425,1276,638,319,958,479,1438,719,2158,1079,3238,1619,4858,2429,7288,3644,1822,911,2734,1367,4102,2051,6154,3077,9232,4616,2308,1154,577,1732,866,433,1300,650,325,976,488,244,122,61,184,92,46,23,70,35,106,53,160,80,40,20,10,5,16,8,4,2,1"
890,72,9232,"890,445,1336,668,334,167,502,251,754,377,1132,566,283,850,425,1276,638,319,958,479,1438,719,2158,1079,3238,1619,4858,2429,7288,3644,1822,911,2734,1367,4102,2051,6154,3077,9232,4616,2308,1154,577,1732,866,433,1300,650,325,976,488,244,122,61,184,92,46,23,70,35,106,53,160,80,40,20,10,5,16,8,4,2,1"
891,46,8584,"891,2674,1337,4012,2006,1003,3010,1505,4516,2258,1129,3388,1694,847,2542,1271,3814,1907,5722,2861,8584,4292,2146,1073,3220,1610,805,2416,1208,604,302,151,454,227,682,341,1024,512,256,128,64,32,16,8,4,2,1"
892,72,9232,"892,446,223,670,335,1006,503,1510,755,2266,1133,3400,1700,850,425,1276,638,319,958,479,1438,719,2158,1079,3238,1619,4858,2429,7288,3644,1822,911,2734,1367,4102,2051,6154,3077,9232,4616,2308,1154,577,1732,866,433,1300,650,325,976,488,244,122,61,184,92,46,23,70,35,106,53,160,80,40,20,10,5,16,8,4,2,1"
893,72,9232,"893,2680,1340,670,335,1006,503,1510,755,2266,1133,3400,1700,850,425,1276,638,319,958,479,1438,719,2158,1079,3238,1619,4858,2429,7288,3644,1822,911,2734,1367,4102,2051,6154,3077,9232,4616,2308,1154,577,1732,866,433,1300,650,325,976,488,244,122,61,184,92,46,23,70,35,106,53,160,80,40,20,10,5,16,8,4,2,1"
894,98,39364,"894,447,1342,671,2014,1007,3022,1511,4534,2267,6802,3401,10204,5102,2551,7654,3827,11482,5741,17224,8612,4306,2153,6460,3230,1615,4846,2423,7270,3635,10906,5453,16360,8180,4090,2045,6136,3068,1534,767,2302,1151,3454,1727,5182,2591,7774,3887,11662,5831,17494,8747,26242,13121,39364,19682,9841,29524,14762,7381,22144,11072,5536,2768,1384,692,346,173,520,260,130,65,196,98,49,148,74,37,112,56,28,14,7,22,11,34,17,52,26,13,40,20,10,5,16,8,4,2,1"
895,98,39364,"895,2686,1343,4030,2015,6046,3023,9070,4535,13606,6803,20410,10205,30616,15308,7654,3827,11482,5741,17224,8612,4306,2153,6460,3230,1615,4846,2423,7270,3635,10906,5453,16360,8180,4090,2045,6136,3068,1534,767,2302,1151,3454,1727,5182,2591,7774,3887,11662,5831,17494,8747,26242,13121,39364,19682,9841,29524,14762,7381,22144,11072,5536,2768,1384,692,346,173,520,260,130,65,196,98,49,148,74,37,112,56,28,14,7,22,11,34,17,52,26,13,40,20,10,5,16,8,4,2,1"
896,23,896,"896,448,224,112,56,28,14,7,22,11,34,17,52,26,13,40,20,10,5,16,8,4,2,1"
897,67,2752,"897,2692,1346,673,2020,1010,505,1516,758,379,1138,569,1708,854,427,1282,641,1924,962,481,1444,722,361,1084,542,271,814,407,1222,611,1834,917,2752,1376,688,344,172,86,43,130,65,196,98,49,148,74,37,112,56,28,14,7,22,11,34,17,52,26,13,40,20,10,5,16,8,4,2,1"
898,116,9232,"898,449,1348,674,337,1012,506,253,760,380,190,95,286,143,430,215,646,323,970,485,1456,728,364,182,91,274,137,412,206,103,310,155,466,233,700,350,175,526,263,790,395,1186,593,1780,890,445,1336,668,334,167,502,251,754,377,1132,566,283,850,425,1276,638,319,958,479,1438,719,2158,1079,3238,1619,4858,2429,7288,3644,1822,911,2734,1367,4102,2051,6154,3077,9232,4616,2308,1154,577,1732,866,433,1300,650,325,976,488,244,122,61,184,92,46,23,70,35,106,53,160,80,40,20,10,5,16,8,4,2,1"
899,116,9232,"899,2698,1349,4048,2024,1012,506,253,760,380,190,95,286,143,430,215,646,323,970,485,1456,728,364,182,91,274,137,412,206,103,310,155,466,233,700,350,175,526,263,790,395,1186,593,1780,890,445,1336,668,334,167,502,251,754,377,1132,566,283,850,425,1276,638,319,958,479,1438,719,2158,1079,3238,1619,4858,2429,7288,3644,1822,911,2734,1367,4102,2051,6154,3077,9232,4616,2308,1154,577,1732,866,433,1300,650,325,976,488,244,122,61,184,92,46,23,70,35,106,53,160,80,40,20,10,5,16,8,4,2,1"
900,54,4372,"900,450,225,676,338,169,508,254,127,382,191,574,287,862,431,1294,647,1942,971,2914,1457,4372,2186,1093,3280,1640,820,410,205,616,308,154,77,232,116,58,29,88,44,22,11,34,17,52,26,13,40,20,10,5,16,8,4,2,1"
901,54,4372,"901,2704,1352,676,338,169,508,254,127,382,191,574,287,862,431,1294,647,1942,971,2914,1457,4372,2186,1093,3280,1640,820,410,205,616,308,154,77,232,116,58,29,88,44,22,11,34,17,52,26,13,40,20,10,5,16,8,4,2,1"
902,54,4372,"902,451,1354,677,2032,1016,508,254,127,382,191,574,287,862,431,1294,647,1942,971,2914,1457,4372,2186,1093,3280,1640,820,410,205,616,308,154,77,232,116,58,29,88,44,22,11,34,17,52,26,13,40,20,10,5,16,8,4,2,1"
903,116,9232,"903,2710,1355,4066,2033,6100,3050,1525,4576,2288,1144,572,286,143,430,215,646,323,970,485,1456,728,364,182,91,274,137,412,206,103,310,155,466,233,700,350,175,526,263,790,395,1186,593,1780,890,445,1336,668,334,167,502,251,754,377,1132,566,283,850,425,1276,638,319,958,479,1438,719,2158,1079,3238,1619,4858,2429,7288,3644,1822,911,2734,1367,4102,2051,6154,3077,9232,4616,2308,1154,577,1732,866,433,1300,650,325,976,488,244,122,61,184,92,46,23,70,35,106,53,160,80,40,20,10,5,16,8,4,2,1"
904,15,904,"904,452,226,113,340,170,85,256,128,64,32,16,8,4,2,1"
905,67,5812,"905,2716,1358,679,2038,1019,3058,1529,4588,2294,1147,3442,1721,5164,2582,1291,3874,1937,5812,2906,1453,4360,2180,1090,545,1636,818,409,1228,614,307,922,461,1384,692,346,173,520,260,130,65,196,98,49,148,74,37,112,56,28,14,7,22,11,34,17,52,26,13,40,20,10,5,16,8,4,2,1"
906,15,1360,"906,453,1360,680,340,170,85,256,128,64,32,16,8,4,2,1"
907,54,13120,"907,2722,1361,4084,2042,1021,3064,1532,766,383,1150,575,1726,863,2590,1295,3886,1943,5830,2915,8746,4373,13120,6560,3280,1640,820,410,205,616,308,154,77,232,116,58,29,88,44,22,11,34,17,52,26,13,40,20,10,5,16,8,4,2,1"
908,15,1024,"908,454,227,682,341,1024,512,256,128,64,32,16,8,4,2,1"
909,15,2728,"909,2728,1364,682,341,1024,512,256,128,64,32,16,8,4,2,1"
910,41,3076,"910,455,1366,683,2050,1025,3076,1538,769,2308,1154,577,1732,866,433,1300,650,325,976,488,244,122,61,184,92,46,23,70,35,106,53,160,80,40,20,10,5,16,8,4,2,1"
911,41,9232,"911,2734,1367,4102,2051,6154,3077,9232,4616,2308,1154,577,1732,866,433,1300,650,325,976,488,244,122,61,184,92,46,23,70,35,106,53,160,80,40,20,10,5,16,8,4,2,1"
912,36,912,"912,456,228,114,57,172,86,43,130,65,196,98,49,148,74,37,112,56,28,14,7,22,11,34,17,52,26,13,40,20,10,5,16,8,4,2,1"
913,129,9232,"913,2740,1370,685,2056,1028,514,257,772,386,193,580,290,145,436,218,109,328,164,82,41,124,62,31,94,47,142,71,214,107,322,161,484,242,121,364,182,91,274,137,412,206,103,310,155,466,233,700,350,175,526,263,790,395,1186,593,1780,890,445,1336,668,334,167,502,251,754,377,1132,566,283,850,425,1276,638,319,958,479,1438,719,2158,1079,3238,1619,4858,2429,7288,3644,1822,911,2734,1367,4102,2051,6154,3077,9232,4616,2308,1154,577,1732,866,433,1300,650,325,976,488,244,122,61,184,92,46,23,70,35,106,53,160,80,40,20,10,5,16,8,4,2,1"
914,129,9232,"914,457,1372,686,343,1030,515,1546,773,2320,1160,580,290,145,436,218,109,328,164,82,41,124,62,31,94,47,142,71,214,107,322,161,484,242,121,364,182,91,274,137,412,206,103,310,155,466,233,700,350,175,526,263,790,395,1186,593,1780,890,445,1336,668,334,167,502,251,754,377,1132,566,283,850,425,1276,638,319,958,479,1438,719,2158,1079,3238,1619,4858,2429,7288,3644,1822,911,2734,1367,4102,2051,6154,3077,9232,4616,2308,1154,577,1732,866,433,1300,650,325,976,488,244,122,61,184,92,46,23,70,35,106,53,160,80,40,20,10,5,16,8,4,2,1"
915,129,9232,"915,2746,1373,4120,2060,1030,515,1546,773,2320,1160,580,290,145,436,218,109,328,164,82,41,124,62,31,94,47,142,71,214,107,322,161,484,242,121,364,182,91,274,137,412,206,103,310,155,466,233,700,350,175,526,263,790,395,1186,593,1780,890,445,1336,668,334,167,502,251,754,377,1132,566,283,850,425,1276,638,319,958,479,1438,719,2158,1079,3238,1619,4858,2429,7288,3644,1822,911,2734,1367,4102,2051,6154,3077,9232,4616,2308,1154,577,1732,866,433,1300,650,325,976,488,244,122,61,184,92,46,23,70,35,106,53,160,80,40,20,10,5,16,8,4,2,1"
916,36,916,"916,458,229,688,344,172,86,43,130,65,196,98,49,148,74,37,112,56,28,14,7,22,11,34,17,52,26,13,40,20,10,5,16,8,4,2,1"
917,36,2752,"917,2752,1376,688,344,172,86,43,130,65,196,98,49,148,74,37,112,56,28,14,7,22,11,34,17,52,26,13,40,20,10,5,16,8,4,2,1"
918,129,9232,"918,459,1378,689,2068,1034,517,1552,776,388,194,97,292,146,73,220,110,55,166,83,250,125,376,188,94,47,142,71,214,107,322,161,484,242,121,364,182,91,274,137,412,206,103,310,155,466,233,700,350,175,526,263,790,395,1186,593,1780,890,445,1336,668,334,167,502,251,754,377,1132,566,283,850,425,1276,638,319,958,479,1438,719,2158,1079,3238,1619,4858,2429,7288,3644,1822,911,2734,1367,4102,2051,6154,3077,9232,4616,2308,1154,577,1732,866,433,1300,650,325,976,488,244,122,61,184,92,46,23,70,35,106,53,160,80,40,20,10,5,16,8,4,2,1"
919,129,9232,"919,2758,1379,4138,2069,6208,3104,1552,776,388,194,97,292,146,73,220,110,55,166,83,250,125,376,188,94,47,142,71,214,107,322,161,484,242,121,364,182,91,274,137,412,206,103,310,155,466,233,700,350,175,526,263,790,395,1186,593,1780,890,445,1336,668,334,167,502,251,754,377,1132,566,283,850,425,1276,638,319,958,479,1438,719,2158,1079,3238,1619,4858,2429,7288,3644,1822,911,2734,1367,4102,2051,6154,3077,9232,4616,2308,1154,577,1732,866,433,1300,650,325,976,488,244,122,61,184,92,46,23,70,35,106,53,160,80,40,20,10,5,16,8,4,2,1"
920,36,920,"920,460,230,115,346,173,520,260,130,65,196,98,49,148,74,37,112,56,28,14,7,22,11,34,17,52,26,13,40,20,10,5,16,8,4,2,1"
921,129,9232,"921,2764,1382,691,2074,1037,3112,1556,778,389,1168,584,292,146,73,220,110,55,166,83,250,125,376,188,94,47,142,71,214,107,322,161,484,242,121,364,182,91,274,137,412,206,103,310,155,466,233,700,350,175,526,263,790,395,1186,593,1780,890,445,1336,668,334,167,502,251,754,377,1132,566,283,850,425,1276,638,319,958,479,1438,719,2158,1079,3238,1619,4858,2429,7288,3644,1822,911,2734,1367,4102,2051,6154,3077,9232,4616,2308,1154,577,1732,866,433,1300,650,325,976,488,244,122,61,184,92,46,23,70,35,106,53,160,80,40,20,10,5,16,8,4,2,1"
922,36,1384,"922,461,1384,692,346,173,520,260,130,65,196,98,49,148,74,37,112,56,28,14,7,22,11,34,17,52,26,13,40,20,10,5,16,8,4,2,1"
923,67,10528,"923,2770,1385,4156,2078,1039,3118,1559,4678,2339,7018,3509,10528,5264,2632,1316,658,329,988,494,247,742,371,1114,557,1672,836,418,209,628,314,157,472,236,118,59,178,89,268,134,67,202,101,304,152,76,38,19,58,29,88,44,22,11,34,17,52,26,13,40,20,10,5,16,8,4,2,1"
924,129,9232,"924,462,231,694,347,1042,521,1564,782,391,1174,587,1762,881,2644,1322,661,1984,992,496,248,124,62,31,94,47,142,71,214,107,322,161,484,242,121,364,182,91,274,137,412,206,103,310,155,466,233,700,350,175,526,263,790,395,1186,593,1780,890,445,1336,668,334,167,502,251,754,377,1132,566,283,850,425,1276,638,319,958,479,1438,719,2158,1079,3238,1619,4858,2429,7288,3644,1822,911,2734,1367,4102,2051,6154,3077,9232,4616,2308,1154,577,1732,866,433,1300,650,325,976,488,244,122,61,184,92,46,23,70,35,106,53,160,80,40,20,10,5,16,8,4,2,1"
925,129,9232,"925,2776,1388,694,347,1042,521,1564,782,391,1174,587,1762,881,2644,1322,661,1984,992,496,248,124,62,31,94,47,142,71,214,107,322,161,484,242,121,364,182,91,274,137,412,206,103,310,155,466,233,700,350,175,526,263,790,395,1186,593,1780,890,445,1336,668,334,167,502,251,754,377,1132,566,283,850,425,1276,638,319,958,479,1438,719,2158,1079,3238,1619,4858,2429,7288,3644,1822,911,2734,1367,4102,2051,6154,3077,9232,4616,2308,1154,577,1732,866,433,1300,650,325,976,488,244,122,61,184,92,46,23,70,35,106,53,160,80,40,20,10,5,16,8,4,2,1"
926,129,9232,"926,463,1390,695,2086,1043,3130,1565,4696,2348,1174,587,1762,881,2644,1322,661,1984,992,496,248,124,62,31,94,47,142,71,214,107,322,161,484,242,121,364,182,91,274,137,412,206,103,310,155,466,233,700,350,175,526,263,790,395,1186,593,1780,890,445,1336,668,334,167,502,251,754,377,1132,566,283,850,425,1276,638,319,958,479,1438,719,2158,1079,3238,1619,4858,2429,7288,3644,1822,911,2734,1367,4102,2051,6154,3077,9232,4616,2308,1154,577,1732,866,433,1300,650,325,976,488,244,122,61,184,92,46,23,70,35,106,53,160,80,40,20,10,5,16,8,4,2,1"
927,116,15856,"927,2782,1391,4174,2087,6262,3131,9394,4697,14092,7046,3523,10570,5285,15856,7928,3964,1982,991,2974,1487,4462,2231,6694,3347,10042,5021,15064,7532,3766,1883,5650,2825,8476,4238,2119,6358,3179,9538,4769,14308,7154,3577,10732,5366,2683,8050,4025,12076,6038,3019,9058,4529,13588,6794,3397,10192,5096,2548,1274,637,1912,956,478,239,718,359,1078,539,1618,809,2428,1214,607,1822,911,2734,1367,4102,2051,6154,3077,9232,4616,2308,1154,577,1732,866,433,1300,650,325,976,488,244,122,61,184,92,46,23,70,35,106,53,160,80,40,20,10,5,16,8,4,2,1"
928,23,928,"928,464,232,116,58,29,88,44,22,11,34,17,52,26,13,40,20,10,5,16,8,4,2,1"
929,129,9232,"929,2788,1394,697,2092,1046,523,1570,785,2356,1178,589,1768,884,442,221,664,332,166,83,250,125,376,188,94,47,142,71,214,107,322,161,484,242,121,364,182,91,274,137,412,206,103,310,155,466,233,700,350,175,526,263,790,395,1186,593,1780,890,445,1336,668,334,167,502,251,754,377,1132,566,283,850,425,1276,638,319,958,479,1438,719,2158,1079,3238,1619,4858,2429,7288,3644,1822,911,2734,1367,4102,2051,6154,3077,9232,4616,2308,1154,577,1732,866,433,1300,650,325,976,488,244,122,61,184,92,46,23,70,35,106,53,160,80,40,20,10,5,16,8,4,2,1"
930,36,1396,"930,465,1396,698,349,1048,524,262,131,394,197,592,296,148,74,37,112,56,28,14,7,22,11,34,17,52,26,13,40,20,10,5,16,8,4,2,1"
931,36,4192,"931,2794,1397,4192,2096,1048,524,262,131,394,197,592,296,148,74,37,112,56,28,14,7,22,11,34,17,52,26,13,40,20,10,5,16,8,4,2,1"
932,85,9232,"932,466,233,700,350,175,526,263,790,395,1186,593,1780,890,445,1336,668,334,167,502,251,754,377,1132,566,283,850,425,1276,638,319,958,479,1438,719,2158,1079,3238,1619,4858,2429,7288,3644,1822,911,2734,1367,4102,2051,6154,3077,9232,4616,2308,1154,577,1732,866,433,1300,650,325,976,488,244,122,61,184,92,46,23,70,35,106,53,160,80,40,20,10,5,16,8,4,2,1"
933,85,9232,"933,2800,1400,700,350,175,526,263,790,395,1186,593,1780,890,445,1336,668,334,167,502,251,754,377,1132,566,283,850,425,1276,638,319,958,479,1438,719,2158,1079,3238,1619,4858,2429,7288,3644,1822,911,2734,1367,4102,2051,6154,3077,9232,4616,2308,1154,577,1732,866,433,1300,650,325,976,488,244,122,61,184,92,46,23,70,35,106,53,160,80,40,20,10,5,16,8,4,2,1"
934,85,9232,"934,467,1402,701,2104,1052,526,263,790,395,1186,593,1780,890,445,1336,668,334,167,502,251,754,377,1132,566,283,850,425,1276,638,319,958,479,1438,719,2158,1079,3238,1619,4858,2429,7288,3644,1822,911,2734,1367,4102,2051,6154,3077,9232,4616,2308,1154,577,1732,866,433,1300,650,325,976,488,244,122,61,184,92,46,23,70,35,106,53,160,80,40,20,10,5,16,8,4,2,1"
935,129,9232,"935,2806,1403,4210,2105,6316,3158,1579,4738,2369,7108,3554,1777,5332,2666,1333,4000,2000,1000,500,250,125,376,188,94,47,142,71,214,107,322,161,484,242,121,364,182,91,274,137,412,206,103,310,155,466,233,700,350,175,526,263,790,395,1186,593,1780,890,445,1336,668,334,167,502,251,754,377,1132,566,283,850,425,1276,638,319,958,479,1438,719,2158,1079,3238,1619,4858,2429,7288,3644,1822,911,2734,1367,4102,2051,6154,3077,9232,4616,2308,1154,577,1732,866,433,1300,650,325,976,488,244,122,61,184,92,46,23,70,35,106,53,160,80,40,20,10,5,16,8,4,2,1"
936,23,936,"936,468,234,117,352,176,88,44,22,11,34,17,52,26,13,40,20,10,5,16,8,4,2,1"
937,173,250504,"937,2812,1406,703,2110,1055,3166,1583,4750,2375,7126,3563,10690,5345,16036,8018,4009,12028,6014,3007,9022,4511,13534,6767,20302,10151,30454,15227,45682,22841,68524,34262,17131,51394,25697,77092,38546,19273,57820,28910,14455,43366,21683,65050,32525,97576,48788,24394,12197,36592,18296,9148,4574,2287,6862,3431,10294,5147,15442,7721,23164,11582,5791,17374,8687,26062,13031,39094,19547,58642,29321,87964,43982,21991,65974,32987,98962,49481,148444,74222,37111,111334,55667,167002,83501,250504,125252,62626,31313,93940,46970,23485,70456,35228,17614,8807,26422,13211,39634,19817,59452,29726,14863,44590,22295,66886,33443,100330,50165,150496,75248,37624,18812,9406,4703,14110,7055,21166,10583,31750,15875,47626,23813,71440,35720,17860,8930,4465,13396,6698,3349,10048,5024,2512,1256,628,314,157,472,236,118,59,178,89,268,134,67,202,101,304,152,76,38,19,58,29,88,44,22,11,34,17,52,26,13,40,20,10,5,16,8,4,2,1"
938,23,1408,"938,469,1408,704,352,176,88,44,22,11,34,17,52,26,13,40,20,10,5,16,8,4,2,1"
939,85,9232,"939,2818,1409,4228,2114,1057,3172,1586,793,2380,1190,595,1786,893,2680,1340,670,335,1006,503,1510,755,2266,1133,3400,1700,850,425,1276,638,319,958,479,1438,719,2158,1079,3238,1619,4858,2429,7288,3644,1822,911,2734,1367,4102,2051,6154,3077,9232,4616,2308,1154,577,1732,866,433,1300,650,325,976,488,244,122,61,184,92,46,23,70,35,106,53,160,80,40,20,10,5,16,8,4,2,1"
940,129,9232,"940,470,235,706,353,1060,530,265,796,398,199,598,299,898,449,1348,674,337,1012,506,253,760,380,190,95,286,143,430,215,646,323,970,485,1456,728,364,182,91,274,137,412,206,103,310,155,466,233,700,350,175,526,263,790,395,1186,593,1780,890,445,1336,668,334,167,502,251,754,377,1132,566,283,850,425,1276,638,319,958,479,1438,719,2158,1079,3238,1619,4858,2429,7288,3644,1822,911,2734,1367,4102,2051,6154,3077,9232,4616,2308,1154,577,1732,866,433,1300,650,325,976,488,244,122,61,184,92,46,23,70,35,106,53,160,80,40,20,10,5,16,8,4,2,1"
941,129,9232,"941,2824,1412,706,353,1060,530,265,796,398,199,598,299,898,449,1348,674,337,1012,506,253,760,380,190,95,286,143,430,215,646,323,970,485,1456,728,364,182,91,274,137,412,206,103,310,155,466,233,700,350,175,526,263,790,395,1186,593,1780,890,445,1336,668,334,167,502,251,754,377,1132,566,283,850,425,1276,638,319,958,479,1438,719,2158,1079,3238,1619,4858,2429,7288,3644,1822,911,2734,1367,4102,2051,6154,3077,9232,4616,2308,1154,577,1732,866,433,1300,650,325,976,488,244,122,61,184,92,46,23,70,35,106,53,160,80,40,20,10,5,16,8,4,2,1"
942,129,9232,"942,471,1414,707,2122,1061,3184,1592,796,398,199,598,299,898,449,1348,674,337,1012,506,253,760,380,190,95,286,143,430,215,646,323,970,485,1456,728,364,182,91,274,137,412,206,103,310,155,466,233,700,350,175,526,263,790,395,1186,593,1780,890,445,1336,668,334,167,502,251,754,377,1132,566,283,850,425,1276,638,319,958,479,1438,719,2158,1079,3238,1619,4858,2429,7288,3644,1822,911,2734,1367,4102,2051,6154,3077,9232,4616,2308,1154,577,1732,866,433,1300,650,325,976,488,244,122,61,184,92,46,23,70,35,106,53,160,80,40,20,10,5,16,8,4,2,1"
943,36,9556,"943,2830,1415,4246,2123,6370,3185,9556,4778,2389,7168,3584,1792,896,448,224,112,56,28,14,7,22,11,34,17,52,26,13,40,20,10,5,16,8,4,2,1"
944,36,944,"944,472,236,118,59,178,89,268,134,67,202,101,304,152,76,38,19,58,29,88,44,22,11,34,17,52,26,13,40,20,10,5,16,8,4,2,1"
945,36,2836,"945,2836,1418,709,2128,1064,532,266,133,400,200,100,50,25,76,38,19,58,29,88,44,22,11,34,17,52,26,13,40,20,10,5,16,8,4,2,1"
946,36,1600,"946,473,1420,710,355,1066,533,1600,800,400,200,100,50,25,76,38,19,58,29,88,44,22,11,34,17,52,26,13,40,20,10,5,16,8,4,2,1"
947,36,4264,"947,2842,1421,4264,2132,1066,533,1600,800,400,200,100,50,25,76,38,19,58,29,88,44,22,11,34,17,52,26,13,40,20,10,5,16,8,4,2,1"
948,36,948,"948,474,237,712,356,178,89,268,134,67,202,101,304,152,76,38,19,58,29,88,44,22,11,34,17,52,26,13,40,20,10,5,16,8,4,2,1"
949,36,2848,"949,2848,1424,712,356,178,89,268,134,67,202,101,304,152,76,38,19,58,29,88,44,22,11,34,17,52,26,13,40,20,10,5,16,8,4,2,1"
950,28,3616,"950,475,1426,713,2140,1070,535,1606,803,2410,1205,3616,1808,904,452,226,113,340,170,85,256,128,64,32,16,8,4,2,1"
951,28,6424,"951,2854,1427,4282,2141,6424,3212,1606,803,2410,1205,3616,1808,904,452,226,113,340,170,85,256,128,64,32,16,8,4,2,1"
952,36,952,"952,476,238,119,358,179,538,269,808,404,202,101,304,152,76,38,19,58,29,88,44,22,11,34,17,52,26,13,40,20,10,5,16,8,4,2,1"
953,28,3220,"953,2860,1430,715,2146,1073,3220,1610,805,2416,1208,604,302,151,454,227,682,341,1024,512,256,128,64,32,16,8,4,2,1"
954,36,1432,"954,477,1432,716,358,179,538,269,808,404,202,101,304,152,76,38,19,58,29,88,44,22,11,34,17,52,26,13,40,20,10,5,16,8,4,2,1"
955,28,4840,"955,2866,1433,4300,2150,1075,3226,1613,4840,2420,1210,605,1816,908,454,227,682,341,1024,512,256,128,64,32,16,8,4,2,1"
956,54,9232,"956,478,239,718,359,1078,539,1618,809,2428,1214,607,1822,911,2734,1367,4102,2051,6154,3077,9232,4616,2308,1154,577,1732,866,433,1300,650,325,976,488,244,122,61,184,92,46,23,70,35,106,53,160,80,40,20,10,5,16,8,4,2,1"
957,54,9232,"957,2872,1436,718,359,1078,539,1618,809,2428,1214,607,1822,911,2734,1367,4102,2051,6154,3077,9232,4616,2308,1154,577,1732,866,433,1300,650,325,976,488,244,122,61,184,92,46,23,70,35,106,53,160,80,40,20,10,5,16,8,4,2,1"
958,54,9232,"958,479,1438,719,2158,1079,3238,1619,4858,2429,7288,3644,1822,911,2734,1367,4102,2051,6154,3077,9232,4616,2308,1154,577,1732,866,433,1300,650,325,976,488,244,122,61,184,92,46,23,70,35,106,53,160,80,40,20,10,5,16,8,4,2,1"
959,129,41524,"959,2878,1439,4318,2159,6478,3239,9718,4859,14578,7289,21868,10934,5467,16402,8201,24604,12302,6151,18454,9227,27682,13841,41524,20762,10381,31144,15572,7786,3893,11680,5840,2920,1460,730,365,1096,548,274,137,412,206,103,310,155,466,233,700,350,175,526,263,790,395,1186,593,1780,890,445,1336,668,334,167,502,251,754,377,1132,566,283,850,425,1276,638,319,958,479,1438,719,2158,1079,3238,1619,4858,2429,7288,3644,1822,911,2734,1367,4102,2051,6154,3077,9232,4616,2308,1154,577,1732,866,433,1300,650,325,976,488,244,122,61,184,92,46,23,70,35,106,53,160,80,40,20,10,5,16,8,4,2,1"
960,23,960,"960,480,240,120,60,30,15,46,23,70,35,106,53,160,80,40,20,10,5,16,8,4,2,1"
961,49,2884,"961,2884,1442,721,2164,1082,541,1624,812,406,203,610,305,916,458,229,688,344,172,86,43,130,65,196,98,49,148,74,37,112,56,28,14,7,22,11,34,17,52,26,13,40,20,10,5,16,8,4,2,1"
962,49,2752,"962,481,1444,722,361,1084,542,271,814,407,1222,611,1834,917,2752,1376,688,344,172,86,43,130,65,196,98,49,148,74,37,112,56,28,14,7,22,11,34,17,52,26,13,40,20,10,5,16,8,4,2,1"
963,49,4336,"963,2890,1445,4336,2168,1084,542,271,814,407,1222,611,1834,917,2752,1376,688,344,172,86,43,130,65,196,98,49,148,74,37,112,56,28,14,7,22,11,34,17,52,26,13,40,20,10,5,16,8,4,2,1"
964,23,964,"964,482,241,724,362,181,544,272,136,68,34,17,52,26,13,40,20,10,5,16,8,4,2,1"
965,23,2896,"965,2896,1448,724,362,181,544,272,136,68,34,17,52,26,13,40,20,10,5,16,8,4,2,1"
966,23,2176,"966,483,1450,725,2176,1088,544,272,136,68,34,17,52,26,13,40,20,10,5,16,8,4,2,1"
967,142,9232,"967,2902,1451,4354,2177,6532,3266,1633,4900,2450,1225,3676,1838,919,2758,1379,4138,2069,6208,3104,1552,776,388,194,97,292,146,73,220,110,55,166,83,250,125,376,188,94,47,142,71,214,107,322,161,484,242,121,364,182,91,274,137,412,206,103,310,155,466,233,700,350,175,526,263,790,395,1186,593,1780,890,445,1336,668,334,167,502,251,754,377,1132,566,283,850,425,1276,638,319,958,479,1438,719,2158,1079,3238,1619,4858,2429,7288,3644,1822,911,2734,1367,4102,2051,6154,3077,9232,4616,2308,1154,577,1732,866,433,1300,650,325,976,488,244,122,61,184,92,46,23,70,35,106,53,160,80,40,20,10,5,16,8,4,2,1"
968,98,9232,"968,484,242,121,364,182,91,274,137,412,206,103,310,155,466,233,700,350,175,526,263,790,395,1186,593,1780,890,445,1336,668,334,167,502,251,754,377,1132,566,283,850,425,1276,638,319,958,479,1438,719,2158,1079,3238,1619,4858,2429,7288,3644,1822,911,2734,1367,4102,2051,6154,3077,9232,4616,2308,1154,577,1732,866,433,1300,650,325,976,488,244,122,61,184,92,46,23,70,35,106,53,160,80,40,20,10,5,16,8,4,2,1"
969,49,4912,"969,2908,1454,727,2182,1091,3274,1637,4912,2456,1228,614,307,922,461,1384,692,346,173,520,260,130,65,196,98,49,148,74,37,112,56,28,14,7,22,11,34,17,52,26,13,40,20,10,5,16,8,4,2,1"
970,98,9232,"970,485,1456,728,364,182,91,274,137,412,206,103,310,155,466,233,700,350,175,526,263,790,395,1186,593,1780,890,445,1336,668,334,167,502,251,754,377,1132,566,283,850,425,1276,638,319,958,479,1438,719,2158,1079,3238,1619,4858,2429,7288,3644,1822,911,2734,1367,4102,2051,6154,3077,9232,4616,2308,1154,577,1732,866,433,1300,650,325,976,488,244,122,61,184,92,46,23,70,35,106,53,160,80,40,20,10,5,16,8,4,2,1"
971,36,4372,"971,2914,1457,4372,2186,1093,3280,1640,820,410,205,616,308,154,77,232,116,58,29,88,44,22,11,34,17,52,26,13,40,20,10,5,16,8,4,2,1"
972,98,9232,"972,486,243,730,365,1096,548,274,137,412,206,103,310,155,466,233,700,350,175,526,263,790,395,1186,593,1780,890,445,1336,668,334,167,502,251,754,377,1132,566,283,850,425,1276,638,319,958,479,1438,719,2158,1079,3238,1619,4858,2429,7288,3644,1822,911,2734,1367,4102,2051,6154,3077,9232,4616,2308,1154,577,1732,866,433,1300,650,325,976,488,244,122,61,184,92,46,23,70,35,106,53,160,80,40,20,10,5,16,8,4,2,1"
973,98,9232,"973,2920,1460,730,365,1096,548,274,137,412,206,103,310,155,466,233,700,350,175,526,263,790,395,1186,593,1780,890,445,1336,668,334,167,502,251,754,377,1132,566,283,850,425,1276,638,319,958,479,1438,719,2158,1079,3238,1619,4858,2429,7288,3644,1822,911,2734,1367,4102,2051,6154,3077,9232,4616,2308,1154,577,1732,866,433,1300,650,325,976,488,244,122,61,184,92,46,23,70,35,106,53,160,80,40,20,10,5,16,8,4,2,1"
974,142,9232,"974,487,1462,731,2194,1097,3292,1646,823,2470,1235,3706,1853,5560,2780,1390,695,2086,1043,3130,1565,4696,2348,1174,587,1762,881,2644,1322,661,1984,992,496,248,124,62,31,94,47,142,71,214,107,322,161,484,242,121,364,182,91,274,137,412,206,103,310,155,466,233,700,350,175,526,263,790,395,1186,593,1780,890,445,1336,668,334,167,502,251,754,377,1132,566,283,850,425,1276,638,319,958,479,1438,719,2158,1079,3238,1619,4858,2429,7288,3644,1822,911,2734,1367,4102,2051,6154,3077,9232,4616,2308,1154,577,1732,866,433,1300,650,325,976,488,244,122,61,184,92,46,23,70,35,106,53,160,80,40,20,10,5,16,8,4,2,1"
975,142,9880,"975,2926,1463,4390,2195,6586,3293,9880,4940,2470,1235,3706,1853,5560,2780,1390,695,2086,1043,3130,1565,4696,2348,1174,587,1762,881,2644,1322,661,1984,992,496,248,124,62,31,94,47,142,71,214,107,322,161,484,242,121,364,182,91,274,137,412,206,103,310,155,466,233,700,350,175,526,263,790,395,1186,593,1780,890,445,1336,668,334,167,502,251,754,377,1132,566,283,850,425,1276,638,319,958,479,1438,719,2158,1079,3238,1619,4858,2429,7288,3644,1822,911,2734,1367,4102,2051,6154,3077,9232,4616,2308,1154,577,1732,866,433,1300,650,325,976,488,244,122,61,184,92,46,23,70,35,106,53,160,80,40,20,10,5,16,8,4,2,1"
976,23,976,"976,488,244,122,61,184,92,46,23,70,35,106,53,160,80,40,20,10,5,16,8,4,2,1"
977,98,9232,"977,2932,1466,733,2200,1100,550,275,826,413,1240,620,310,155,466,233,700,350,175,526,263,790,395,1186,593,1780,890,445,1336,668,334,167,502,251,754,377,1132,566,283,850,425,1276,638,319,958,479,1438,719,2158,1079,3238,1619,4858,2429,7288,3644,1822,911,2734,1367,4102,2051,6154,3077,9232,4616,2308,1154,577,1732,866,433,1300,650,325,976,488,244,122,61,184,92,46,23,70,35,106,53,160,80,40,20,10,5,16,8,4,2,1"
978,49,4192,"978,489,1468,734,367,1102,551,1654,827,2482,1241,3724,1862,931,2794,1397,4192,2096,1048,524,262,131,394,197,592,296,148,74,37,112,56,28,14,7,22,11,34,17,52,26,13,40,20,10,5,16,8,4,2,1"
979,49,4408,"979,2938,1469,4408,2204,1102,551,1654,827,2482,1241,3724,1862,931,2794,1397,4192,2096,1048,524,262,131,394,197,592,296,148,74,37,112,56,28,14,7,22,11,34,17,52,26,13,40,20,10,5,16,8,4,2,1"
980,23,980,"980,490,245,736,368,184,92,46,23,70,35,106,53,160,80,40,20,10,5,16,8,4,2,1"
981,23,2944,"981,2944,1472,736,368,184,92,46,23,70,35,106,53,160,80,40,20,10,5,16,8,4,2,1"
982,142,9232,"982,491,1474,737,2212,1106,553,1660,830,415,1246,623,1870,935,2806,1403,4210,2105,6316,3158,1579,4738,2369,7108,3554,1777,5332,2666,1333,4000,2000,1000,500,250,125,376,188,94,47,142,71,214,107,322,161,484,242,121,364,182,91,274,137,412,206,103,310,155,466,233,700,350,175,526,263,790,395,1186,593,1780,890,445,1336,668,334,167,502,251,754,377,1132,566,283,850,425,1276,638,319,958,479,1438,719,2158,1079,3238,1619,4858,2429,7288,3644,1822,911,2734,1367,4102,2051,6154,3077,9232,4616,2308,1154,577,1732,866,433,1300,650,325,976,488,244,122,61,184,92,46,23,70,35,106,53,160,80,40,20,10,5,16,8,4,2,1"
983,142,9232,"983,2950,1475,4426,2213,6640,3320,1660,830,415,1246,623,1870,935,2806,1403,4210,2105,6316,3158,1579,4738,2369,7108,3554,1777,5332,2666,1333,4000,2000,1000,500,250,125,376,188,94,47,142,71,214,107,322,161,484,242,121,364,182,91,274,137,412,206,103,310,155,466,233,700,350,175,526,263,790,395,1186,593,1780,890,445,1336,668,334,167,502,251,754,377,1132,566,283,850,425,1276,638,319,958,479,1438,719,2158,1079,3238,1619,4858,2429,7288,3644,1822,911,2734,1367,4102,2051,6154,3077,9232,4616,2308,1154,577,1732,866,433,1300,650,325,976,488,244,122,61,184,92,46,23,70,35,106,53,160,80,40,20,10,5,16,8,4,2,1"
984,49,984,"984,492,246,123,370,185,556,278,139,418,209,628,314,157,472,236,118,59,178,89,268,134,67,202,101,304,152,76,38,19,58,29,88,44,22,11,34,17,52,26,13,40,20,10,5,16,8,4,2,1"
985,23,3328,"985,2956,1478,739,2218,1109,3328,1664,832,416,208,104,52,26,13,40,20,10,5,16,8,4,2,1"
986,49,1480,"986,493,1480,740,370,185,556,278,139,418,209,628,314,157,472,236,118,59,178,89,268,134,67,202,101,304,152,76,38,19,58,29,88,44,22,11,34,17,52,26,13,40,20,10,5,16,8,4,2,1"
987,36,7504,"987,2962,1481,4444,2222,1111,3334,1667,5002,2501,7504,3752,1876,938,469,1408,704,352,176,88,44,22,11,34,17,52,26,13,40,20,10,5,16,8,4,2,1"
988,49,1672,"988,494,247,742,371,1114,557,1672,836,418,209,628,314,157,472,236,118,59,178,89,268,134,67,202,101,304,152,76,38,19,58,29,88,44,22,11,34,17,52,26,13,40,20,10,5,16,8,4,2,1"
989,49,2968,"989,2968,1484,742,371,1114,557,1672,836,418,209,628,314,157,472,236,118,59,178,89,268,134,67,202,101,304,152,76,38,19,58,29,88,44,22,11,34,17,52,26,13,40,20,10,5,16,8,4,2,1"
990,98,14308,"990,495,1486,743,2230,1115,3346,1673,5020,2510,1255,3766,1883,5650,2825,8476,4238,2119,6358,3179,9538,4769,14308,7154,3577,10732,5366,2683,8050,4025,12076,6038,3019,9058,4529,13588,6794,3397,10192,5096,2548,1274,637,1912,956,478,239,718,359,1078,539,1618,809,2428,1214,607,1822,911,2734,1367,4102,2051,6154,3077,9232,4616,2308,1154,577,1732,866,433,1300,650,325,976,488,244,122,61,184,92,46,23,70,35,106,53,160,80,40,20,10,5,16,8,4,2,1"
991,98,15064,"991,2974,1487,4462,2231,6694,3347,10042,5021,15064,7532,3766,1883,5650,2825,8476,4238,2119,6358,3179,9538,4769,14308,7154,3577,10732,5366,2683,8050,4025,12076,6038,3019,9058,4529,13588,6794,3397,10192,5096,2548,1274,637,1912,956,478,239,718,359,1078,539,1618,809,2428,1214,607,1822,911,2734,1367,4102,2051,6154,3077,9232,4616,2308,1154,577,1732,866,433,1300,650,325,976,488,244,122,61,184,92,46,23,70,35,106,53,160,80,40,20,10,5,16,8,4,2,1"
992,111,9232,"992,496,248,124,62,31,94,47,142,71,214,107,322,161,484,242,121,364,182,91,274,137,412,206,103,310,155,466,233,700,350,175,526,263,790,395,1186,593,1780,890,445,1336,668,334,167,502,251,754,377,1132,566,283,850,425,1276,638,319,958,479,1438,719,2158,1079,3238,1619,4858,2429,7288,3644,1822,911,2734,1367,4102,2051,6154,3077,9232,4616,2308,1154,577,1732,866,433,1300,650,325,976,488,244,122,61,184,92,46,23,70,35,106,53,160,80,40,20,10,5,16,8,4,2,1"
993,93,8080,"993,2980,1490,745,2236,1118,559,1678,839,2518,1259,3778,1889,5668,2834,1417,4252,2126,1063,3190,1595,4786,2393,7180,3590,1795,5386,2693,8080,4040,2020,1010,505,1516,758,379,1138,569,1708,854,427,1282,641,1924,962,481,1444,722,361,1084,542,271,814,407,1222,611,1834,917,2752,1376,688,344,172,86,43,130,65,196,98,49,148,74,37,112,56,28,14,7,22,11,34,17,52,26,13,40,20,10,5,16,8,4,2,1"
994,23,1492,"994,497,1492,746,373,1120,560,280,140,70,35,106,53,160,80,40,20,10,5,16,8,4,2,1"
995,23,4480,"995,2986,1493,4480,2240,1120,560,280,140,70,35,106,53,160,80,40,20,10,5,16,8,4,2,1"
996,49,996,"996,498,249,748,374,187,562,281,844,422,211,634,317,952,476,238,119,358,179,538,269,808,404,202,101,304,152,76,38,19,58,29,88,44,22,11,34,17,52,26,13,40,20,10,5,16,8,4,2,1"
997,49,2992,"997,2992,1496,748,374,187,562,281,844,422,211,634,317,952,476,238,119,358,179,538,269,808,404,202,101,304,152,76,38,19,58,29,88,44,22,11,34,17,52,26,13,40,20,10,5,16,8,4,2,1"
998,49,2248,"998,499,1498,749,2248,1124,562,281,844,422,211,634,317,952,476,238,119,358,179,538,269,808,404,202,101,304,152,76,38,19,58,29,88,44,22,11,34,17,52,26,13,40,20,10,5,16,8,4,2,1"
999,49,11392,"999,2998,1499,4498,2249,6748,3374,1687,5062,2531,7594,3797,11392,5696,2848,1424,712,356,178,89,268,134,67,202,101,304,152,76,38,19,58,29,88,44,22,11,34,17,52,26,13,40,20,10,5,16,8,4,2,1"
1000,111,9232,"1000,500,250,125,376,188,94,47,142,71,214,107,322,161,484,242,121,364,182,91,274,137,412,206,103,310,155,466,233,700,350,175,526,263,790,395,1186,593,1780,890,445,1336,668,334,167,502,251,754,377,1132,566,283,850,425,1276,638,319,958,479,1438,719,2158,1079,3238,1619,4858,2429,7288,3644,1822,911,2734,1367,4102,2051,6154,3077,9232,4616,2308,1154,577,1732,866,433,1300,650,325,976,488,244,122,61,184,92,46,23,70,35,106,53,160,80,40,20,10,5,16,8,4,2,1"
